Team,CF,CA,CF%,SF,SA,SF%,GF,GA,GF%,xGF,xGA,xGF%,SCF,SCA,SCF%,HDCF%,HDSF%,HDGF%,HDSH%,HDSV%,SH%,SV%,PDO
Chicago Blackhawks,69,51,57.5,42,29,59.15,6,4,60.0,3.29,2.64,55.47,35,29,54.69,54.55,55.0,50,27.27,66.67,14.29,86.21,1.005
Edmonton Oilers,51,69,42.5,29,42,40.85,4,6,40.0,2.64,3.29,44.53,29,35,45.31,45.45,45.0,50,33.33,72.73,13.79,85.71,0.995
Montreal Canadiens,64,96,40.0,35,41,46.05,3,2,60.0,2.39,4.44,35.01,33,55,37.5,37.5,45.83,50,9.09,92.31,8.57,95.12,1.037
Pittsburgh Penguins,96,64,60.0,41,35,53.95,2,3,40.0,4.44,2.39,64.99,55,33,62.5,62.5,54.17,50,7.69,90.91,4.88,91.43,0.963
Calgary Flames,50,45,52.63,33,18,64.71,4,1,80.0,3.23,1.85,63.6,23,21,52.27,42.86,83.33,66.67,40,0,12.12,94.44,1.0659999999999998
Winnipeg Jets,45,50,47.37,18,33,35.29,1,4,20.0,1.85,3.23,36.4,21,23,47.73,57.14,16.67,33.33,100,60,5.56,87.88,0.934
Florida Panthers,51,58,46.79,28,28,50.0,1,2,33.33,1.85,1.86,49.81,21,26,44.68,45.45,57.14,50,25,66.67,3.57,92.86,0.9640000000000001
New York Islanders,58,51,53.21,28,28,50.0,2,1,66.67,1.86,1.85,50.19,26,21,55.32,54.55,42.86,50,33.33,75,7.14,96.43,1.036
Carolina Hurricanes,69,49,58.47,37,26,58.73,3,2,60.0,3.1,2.19,58.57,33,20,62.26,65.22,81.82,50,11.11,50,8.11,92.31,1.004
New York Rangers,49,69,41.53,26,37,41.27,2,3,40.0,2.19,3.1,41.43,20,33,37.74,34.78,18.18,50,50,88.89,7.69,91.89,0.996
Columbus Blue Jackets,69,62,52.67,35,28,55.56,2,0,100.0,2.75,1.87,59.49,28,29,49.12,50.0,50.0,-,0,100,5.71,100.0,1.057
Toronto Maple Leafs,62,69,47.33,28,35,44.44,0,2,0.0,1.87,2.75,40.51,29,28,50.88,50.0,50.0,-,0,100,0.0,94.29,0.943
Colorado Avalanche,63,49,56.25,38,32,54.29,2,1,66.67,2.82,1.82,60.77,29,24,54.72,61.54,54.55,100,33.33,100,5.26,96.88,1.021
St Louis Blues,49,63,43.75,32,38,45.71,1,2,33.33,1.82,2.82,39.23,24,29,45.28,38.46,45.45,0,0,66.67,3.13,94.74,0.9790000000000001
Arizona Coyotes,60,76,44.12,37,43,46.25,4,3,57.14,2.48,2.57,49.06,24,31,43.64,50.0,66.67,75,37.5,75,10.81,93.02,1.038
Nashville Predators,76,60,55.88,43,37,53.75,3,4,42.86,2.57,2.48,50.94,31,24,56.36,50.0,33.33,25,25,62.5,6.98,89.19,0.9620000000000001
Boston Bruins,70,47,59.83,35,29,54.69,1,4,20.0,2.82,1.31,68.23,34,14,70.83,70.59,68.75,50,9.09,80,2.86,86.21,0.8909999999999999
Philadelphia Flyers,47,70,40.17,29,35,45.31,4,1,80.0,1.31,2.82,31.77,14,34,29.17,29.41,31.25,50,20,90.91,13.79,97.14,1.109
Minnesota Wild,55,54,50.46,31,28,52.54,3,0,100.0,2.81,1.41,66.63,24,23,51.06,61.54,72.73,-,0,100,9.68,100.0,1.097
Vancouver Canucks,54,55,49.54,28,31,47.46,0,3,0.0,1.41,2.81,33.37,23,24,48.94,38.46,27.27,-,0,100,0.0,90.32,0.903
Chicago Blackhawks,53,62,46.09,26,35,42.62,3,6,33.33,1.69,3.59,32.02,26,31,45.61,25.81,27.27,25,16.67,81.25,11.54,82.86,0.9440000000000001
Edmonton Oilers,62,53,53.91,35,26,57.38,6,3,66.67,3.59,1.69,67.98,31,26,54.39,74.19,72.73,75,18.75,83.33,17.14,88.46,1.056
Montreal Canadiens,47,71,39.83,27,38,41.54,1,3,25.0,1.7,5.51,23.53,17,35,32.69,40.0,47.06,33.33,12.5,77.78,3.7,92.11,0.958
Pittsburgh Penguins,71,47,60.17,38,27,58.46,3,1,75.0,5.51,1.7,76.47,35,17,67.31,60.0,52.94,66.67,22.22,87.5,7.89,96.3,1.042
Tampa Bay Lightning,53,59,47.32,31,35,46.97,4,3,57.14,3.12,5.15,37.73,18,28,39.13,36.36,35.29,60,50,81.82,12.9,91.43,1.043
Washington Capitals,59,53,52.68,35,31,53.03,3,4,42.86,5.15,3.12,62.27,28,18,60.87,63.64,64.71,40,18.18,50,8.57,87.1,0.9570000000000001
Calgary Flames,51,49,51.0,30,26,53.57,2,3,40.0,1.99,2.58,43.59,27,23,54.0,30.77,14.29,0,0,50,6.67,88.46,0.951
Winnipeg Jets,49,51,49.0,26,30,46.43,3,2,60.0,2.58,1.99,56.41,23,27,46.0,69.23,85.71,100,50,100,11.54,93.33,1.0490000000000002
Carolina Hurricanes,55,52,51.4,34,24,58.62,4,1,80.0,2.21,1.76,55.62,25,24,51.02,66.67,70.0,66.67,28.57,66.67,11.76,95.83,1.0759999999999998
New York Rangers,52,55,48.6,24,34,41.38,1,4,20.0,1.76,2.21,44.38,24,25,48.98,33.33,30.0,33.33,33.33,71.43,4.17,88.24,0.924
Dallas Stars,47,63,42.73,27,33,45.0,3,5,37.5,2.3,2.99,43.48,27,28,49.09,60.0,61.11,66.67,18.18,85.71,11.11,84.85,0.96
Vegas Golden Knights,63,47,57.27,33,27,55.0,5,3,62.5,2.99,2.3,56.52,28,27,50.91,40.0,38.89,33.33,14.29,81.82,15.15,88.89,1.04
Columbus Blue Jackets,48,71,40.34,20,39,33.9,0,3,0.0,1.87,4.62,28.87,25,42,37.31,32.0,22.22,0,0,85.71,0.0,92.31,0.9229999999999999
Toronto Maple Leafs,71,48,59.66,39,20,66.1,3,0,100.0,4.62,1.87,71.13,42,25,62.69,68.0,77.78,100,14.29,100,7.69,100.0,1.077
Arizona Coyotes,56,51,52.34,26,28,48.15,2,4,33.33,2.15,2.18,49.63,25,22,53.19,61.9,64.29,66.67,22.22,80,7.69,85.71,0.934
Nashville Predators,51,56,47.66,28,26,51.85,4,2,66.67,2.18,2.15,50.37,22,25,46.81,38.1,35.71,33.33,20,77.78,14.29,92.31,1.0659999999999998
Calgary Flames,51,58,46.79,32,35,47.76,6,2,75.0,3.07,1.56,66.35,24,23,51.06,56.25,53.85,80,57.14,83.33,18.75,94.29,1.13
Winnipeg Jets,58,51,53.21,35,32,52.24,2,6,25.0,1.56,3.07,33.65,23,24,48.94,43.75,46.15,20,16.67,42.86,5.71,81.25,0.87
Carolina Hurricanes,63,59,51.64,31,38,44.93,4,1,80.0,3.09,2.56,54.64,25,32,43.86,52.17,50.0,66.67,25,87.5,12.9,97.37,1.103
New York Rangers,59,63,48.36,38,31,55.07,1,4,20.0,2.56,3.09,45.36,32,25,56.14,47.83,50.0,33.33,12.5,75,2.63,87.1,0.897
Florida Panthers,56,57,49.56,28,34,45.16,2,4,33.33,2.63,2.65,49.82,33,31,51.56,48.0,44.44,0,0,80,7.14,88.24,0.9540000000000001
New York Islanders,57,56,50.44,34,28,54.84,4,2,66.67,2.65,2.63,50.18,31,33,48.44,52.0,55.56,100,20,100,11.76,92.86,1.046
Minnesota Wild,59,49,54.63,35,28,55.56,3,4,42.86,2.04,2.47,45.28,24,24,50.0,44.44,53.85,0,0,66.67,8.57,85.71,0.943
Vancouver Canucks,49,59,45.37,28,35,44.44,4,3,57.14,2.47,2.04,54.72,24,24,50.0,55.56,46.15,100,33.33,100,14.29,91.43,1.057
Colorado Avalanche,69,44,61.06,40,27,59.7,4,0,100.0,3.76,2.46,60.46,35,19,64.81,56.67,62.5,100,13.33,100,10.0,100.0,1.1
Dallas Stars,44,69,38.94,27,40,40.3,0,4,0.0,2.46,3.76,39.54,19,35,35.19,43.33,37.5,0,0,86.67,0.0,90.0,0.9
Florida Panthers,47,51,47.96,22,22,50.0,3,2,60.0,2.71,1.79,60.12,30,25,54.55,50.0,53.85,100,14.29,100,13.64,90.91,1.045
New York Islanders,51,47,52.04,22,22,50.0,2,3,40.0,1.79,2.71,39.88,25,30,45.45,50.0,46.15,0,0,85.71,9.09,86.36,0.955
Boston Bruins,58,58,50.0,27,35,43.55,2,3,40.0,2.02,2.98,40.41,24,27,47.06,36.36,26.67,25,25,72.73,7.41,91.43,0.988
Tampa Bay Lightning,58,58,50.0,35,27,56.45,3,2,60.0,2.98,2.02,59.59,27,24,52.94,63.64,73.33,75,27.27,75,8.57,92.59,1.012
Chicago Blackhawks,54,51,51.43,25,28,47.17,4,3,57.14,2.35,3.3,41.67,27,27,50.0,34.78,27.78,50,60,76.92,16.0,89.29,1.053
Edmonton Oilers,51,54,48.57,28,25,52.83,3,4,42.86,3.3,2.35,58.33,27,27,50.0,65.22,72.22,50,23.08,40,10.71,84.0,0.9470000000000001
Montreal Canadiens,58,57,50.43,31,33,48.44,4,3,57.14,2.73,2.91,48.42,29,32,47.54,37.93,39.13,60,33.33,85.71,12.9,90.91,1.038
Pittsburgh Penguins,57,58,49.57,33,31,51.56,3,4,42.86,2.91,2.73,51.58,32,29,52.46,62.07,60.87,40,14.29,66.67,9.09,87.1,0.9620000000000001
Arizona Coyotes,51,69,42.5,28,40,41.18,4,1,80.0,2.03,2.85,41.66,23,37,38.33,33.33,27.78,50,20,92.31,14.29,97.5,1.1179999999999999
Nashville Predators,69,51,57.5,40,28,58.82,1,4,20.0,2.85,2.03,58.34,37,23,61.67,66.67,72.22,50,7.69,80,2.5,85.71,0.882
Minnesota Wild,72,52,58.06,27,29,48.21,0,3,0.0,2.83,2.6,52.12,41,21,66.13,51.72,44.44,0,0,80,0.0,89.66,0.897
Vancouver Canucks,52,72,41.94,29,27,51.79,3,0,100.0,2.6,2.83,47.88,21,41,33.87,48.28,55.56,100,20,100,10.34,100.0,1.103
Philadelphia Flyers,41,36,53.25,21,17,55.26,3,1,75.0,2.67,1.45,64.82,22,16,57.89,64.29,88.89,75,37.5,0,14.29,94.12,1.084
Washington Capitals,36,41,46.75,17,21,44.74,1,3,25.0,1.45,2.67,35.18,16,22,42.11,35.71,11.11,25,100,62.5,5.88,85.71,0.9159999999999999
Calgary Flames,61,64,48.8,34,31,52.31,4,0,100.0,4.27,2.12,66.77,28,28,50.0,65.0,69.23,100,11.11,100,11.76,100.0,1.1179999999999999
Winnipeg Jets,64,61,51.2,31,34,47.69,0,4,0.0,2.12,4.27,33.23,28,28,50.0,35.0,30.77,0,0,88.89,0.0,88.24,0.882
St Louis Blues,28,71,28.28,17,38,30.91,4,6,40.0,1.34,3.93,25.38,14,30,31.82,33.33,31.25,50,60,72.73,23.53,84.21,1.077
Vegas Golden Knights,71,28,71.72,38,17,69.09,6,4,60.0,3.93,1.34,74.62,30,14,68.18,66.67,68.75,50,27.27,40,15.79,76.47,0.9229999999999999
Columbus Blue Jackets,82,78,51.25,43,36,54.43,4,3,57.14,2.45,2.96,45.32,39,43,47.56,45.16,43.48,50,10,92.31,9.3,91.67,1.01
Toronto Maple Leafs,78,82,48.75,36,43,45.57,3,4,42.86,2.96,2.45,54.68,43,39,52.44,54.84,56.52,50,7.69,90,8.33,90.7,0.99
Minnesota Wild,49,62,44.14,29,31,48.33,4,5,44.44,2.63,2.63,49.98,19,21,47.5,40.91,41.18,50,28.57,80,13.79,83.87,0.977
Vancouver Canucks,62,49,55.86,31,29,51.67,5,4,55.56,2.63,2.63,50.02,21,19,52.5,59.09,58.82,50,20,71.43,16.13,86.21,1.023
Florida Panthers,70,60,53.85,25,38,39.68,1,5,16.67,2.56,4.19,37.96,41,30,57.75,51.85,43.75,0,0,77.78,4.0,86.84,0.9079999999999999
New York Islanders,60,70,46.15,38,25,60.32,5,1,83.33,4.19,2.56,62.04,30,41,42.25,48.15,56.25,100,22.22,100,13.16,96.0,1.092
Columbus Blue Jackets,74,83,47.13,39,53,42.39,3,4,42.86,4.06,2.96,57.77,33,38,46.48,38.46,38.46,50,20,87.5,7.69,92.45,1.001
Toronto Maple Leafs,83,74,52.87,53,39,57.61,4,3,57.14,2.96,4.06,42.23,38,33,53.52,61.54,61.54,50,12.5,80,7.55,92.31,0.9990000000000001
Chicago Blackhawks,47,73,39.17,29,45,39.19,3,2,60.0,2.36,4.49,34.42,25,45,35.71,36.11,37.93,66.67,18.18,94.44,10.34,95.56,1.0590000000000002
Edmonton Oilers,73,47,60.83,45,29,60.81,2,3,40.0,4.49,2.36,65.58,45,25,64.29,63.89,62.07,33.33,5.56,81.82,4.44,89.66,0.941
Montreal Canadiens,55,47,53.92,22,22,50.0,2,0,100.0,2.29,1.31,63.69,16,13,55.17,70.0,50.0,100,33.33,100,9.09,100.0,1.091
Pittsburgh Penguins,47,55,46.08,22,22,50.0,0,2,0.0,1.31,2.29,36.31,13,16,44.83,30.0,50.0,0,0,66.67,0.0,90.91,0.909
Arizona Coyotes,66,87,43.14,34,52,39.53,4,3,57.14,2.02,3.11,39.36,32,31,50.79,40.74,38.89,33.33,14.29,81.82,11.76,94.23,1.06
Nashville Predators,87,66,56.86,52,34,60.47,3,4,42.86,3.11,2.02,60.64,31,32,49.21,59.26,61.11,66.67,18.18,85.71,5.77,88.24,0.94
Philadelphia Flyers,47,62,43.12,30,24,55.56,4,1,80.0,3.3,2.07,61.49,21,27,43.75,73.33,75.0,75,33.33,66.67,13.33,95.83,1.092
Tampa Bay Lightning,62,47,56.88,24,30,44.44,1,4,20.0,2.07,3.3,38.51,27,21,56.25,26.67,25.0,25,33.33,66.67,4.17,86.67,0.9079999999999999
Colorado Avalanche,65,49,57.02,35,26,57.38,3,4,42.86,3.68,2.04,64.33,36,23,61.02,57.69,63.64,50,21.43,62.5,8.57,84.62,0.932
Vegas Golden Knights,49,65,42.98,26,35,42.62,4,3,57.14,2.04,3.68,35.67,23,36,38.98,42.31,36.36,50,37.5,78.57,15.38,91.43,1.068
Columbus Blue Jackets,45,57,44.12,22,33,40.0,3,0,100.0,2.43,1.88,56.45,24,26,48.0,50.0,60.0,100,16.67,100,13.64,100.0,1.136
Toronto Maple Leafs,57,45,55.88,33,22,60.0,0,3,0.0,1.88,2.43,43.55,26,24,52.0,50.0,40.0,0,0,83.33,0.0,86.36,0.8640000000000001
Boston Bruins,68,51,57.14,31,25,55.36,1,2,33.33,2.56,2.19,53.88,36,25,59.02,73.68,73.33,50,9.09,75,3.23,92.0,0.9520000000000001
Washington Capitals,51,68,42.86,25,31,44.64,2,1,66.67,2.19,2.56,46.12,25,36,40.98,26.32,26.67,50,25,90.91,8.0,96.77,1.048
Chicago Blackhawks,50,58,46.3,20,34,37.04,1,4,20.0,2.17,2.29,48.68,27,21,56.25,47.37,46.67,33.33,14.29,75,5.0,88.24,0.932
Vegas Golden Knights,58,50,53.7,34,20,62.96,4,1,80.0,2.29,2.17,51.32,21,27,43.75,52.63,53.33,66.67,25,85.71,11.76,95.0,1.068
Columbus Blue Jackets,111,188,37.12,63,88,41.72,2,3,40.0,3.57,7.03,33.66,43,88,32.82,31.58,36.67,33.33,9.09,89.47,3.17,96.59,0.998
Tampa Bay Lightning,188,111,62.88,88,63,58.28,3,2,60.0,7.03,3.57,66.34,88,43,67.18,68.42,63.33,66.67,10.53,90.91,3.41,96.83,1.002
Calgary Flames,53,56,48.62,26,26,50.0,3,2,60.0,2.79,1.13,71.2,23,13,63.89,70.0,66.67,100,16.67,100,11.54,92.31,1.038
Dallas Stars,56,53,51.38,26,26,50.0,2,3,40.0,1.13,2.79,28.8,13,23,36.11,30.0,33.33,0,0,83.33,7.69,88.46,0.9620000000000001
Montreal Canadiens,65,58,52.85,28,31,47.46,1,2,33.33,3.15,2.28,58.0,33,29,53.23,62.96,65.0,50,7.69,85.71,3.57,93.55,0.971
Philadelphia Flyers,58,65,47.15,31,28,52.54,2,1,66.67,2.28,3.15,42.0,29,33,46.77,37.04,35.0,50,14.29,92.31,6.45,96.43,1.0290000000000001
St Louis Blues,62,49,55.86,31,22,58.49,2,5,28.57,2.41,2.5,49.01,21,22,48.84,52.63,44.44,50,25,80,6.45,77.27,0.8370000000000001
Vancouver Canucks,49,62,44.14,22,31,41.51,5,2,71.43,2.5,2.41,50.99,22,21,51.16,47.37,55.56,50,20,75,22.73,93.55,1.163
Arizona Coyotes,47,69,40.52,14,40,25.93,0,3,0.0,1.11,2.1,34.68,17,33,34.0,27.27,0.0,0,-,50,0.0,92.5,0.925
Colorado Avalanche,69,47,59.48,40,14,74.07,3,0,100.0,2.1,1.11,65.32,33,17,66.0,72.73,100.0,100,50,-,7.5,100.0,1.075
Boston Bruins,86,74,53.75,40,28,58.82,4,3,57.14,2.92,2.52,53.74,48,37,56.47,53.57,50.0,75,42.86,85.71,10.0,89.29,0.993
Carolina Hurricanes,74,86,46.25,28,40,41.18,3,4,42.86,2.52,2.92,46.26,37,48,43.53,46.43,50.0,25,14.29,57.14,10.71,90.0,1.0070000000000001
New York Islanders,47,54,46.53,27,26,50.94,4,2,66.67,2.61,3.24,44.58,26,21,55.32,50.0,52.94,50,22.22,75,14.81,92.31,1.071
Washington Capitals,54,47,53.47,26,27,49.06,2,4,33.33,3.24,2.61,55.42,21,26,44.68,50.0,47.06,50,25,77.78,7.69,85.19,0.929
Chicago Blackhawks,59,74,44.36,25,39,39.06,3,4,42.86,1.86,3.18,36.9,28,43,39.44,37.5,46.67,40,28.57,62.5,12.0,89.74,1.0170000000000001
Vegas Golden Knights,74,59,55.64,39,25,60.94,4,3,57.14,3.18,1.86,63.1,43,28,60.56,62.5,53.33,60,37.5,71.43,10.26,88.0,0.983
Columbus Blue Jackets,46,69,40.0,22,37,37.29,3,1,75.0,2.04,2.39,46.05,22,34,39.29,45.0,40.0,75,50,88.89,13.64,97.3,1.109
Tampa Bay Lightning,69,46,60.0,37,22,62.71,1,3,25.0,2.39,2.04,53.95,34,22,60.71,55.0,60.0,25,11.11,50,2.7,86.36,0.8909999999999999
Calgary Flames,50,57,46.73,26,36,41.94,4,5,44.44,1.96,2.79,41.24,15,25,37.5,35.29,46.15,60,50,71.43,15.38,86.11,1.015
Dallas Stars,57,50,53.27,36,26,58.06,5,4,55.56,2.79,1.96,58.76,25,15,62.5,64.71,53.85,40,28.57,50,13.89,84.62,0.985
Boston Bruins,68,58,53.97,35,26,57.38,2,3,40.0,2.27,2.04,52.68,20,25,44.44,53.33,66.67,100,16.67,100,5.71,88.46,0.9420000000000001
Carolina Hurricanes,58,68,46.03,26,35,42.62,3,2,60.0,2.04,2.27,47.32,25,20,55.56,46.67,33.33,0,0,83.33,11.54,94.29,1.058
Montreal Canadiens,70,65,51.85,32,30,51.61,5,0,100.0,2.99,3.23,48.06,39,29,57.35,61.54,72.73,100,25,100,15.63,100.0,1.156
Philadelphia Flyers,65,70,48.15,30,32,48.39,0,5,0.0,3.23,2.99,51.94,29,39,42.65,38.46,27.27,0,0,75,0.0,84.38,0.8440000000000001
St Louis Blues,72,45,61.54,37,25,59.68,3,4,42.86,2.4,2.69,47.15,28,23,54.9,44.0,43.48,33.33,20,69.23,8.11,84.0,0.9209999999999999
Vancouver Canucks,45,72,38.46,25,37,40.32,4,3,57.14,2.69,2.4,52.85,23,28,45.1,56.0,56.52,66.67,30.77,80,16.0,91.89,1.079
Arizona Coyotes,58,55,51.33,33,28,54.1,2,3,40.0,2.42,2.88,45.66,24,20,54.55,61.11,57.14,33.33,12.5,66.67,6.06,89.29,0.953
Colorado Avalanche,55,58,48.67,28,33,45.9,3,2,60.0,2.88,2.42,54.34,20,24,45.45,38.89,42.86,66.67,33.33,87.5,10.71,93.94,1.047
New York Islanders,59,55,51.75,32,25,56.14,5,2,71.43,2.58,1.41,64.65,28,27,50.91,62.5,66.67,60,25,66.67,15.63,92.0,1.0759999999999998
Washington Capitals,55,59,48.25,25,32,43.86,2,5,28.57,1.41,2.58,35.35,27,28,49.09,37.5,33.33,40,33.33,75,8.0,84.38,0.924
Calgary Flames,37,76,32.74,23,35,39.66,2,0,100.0,1.52,3.06,33.17,13,37,26.0,37.5,46.15,100,16.67,100,8.7,100.0,1.087
Dallas Stars,76,37,67.26,35,23,60.34,0,2,0.0,3.06,1.52,66.83,37,13,74.0,62.5,53.85,0,0,83.33,0.0,91.3,0.9129999999999999
Arizona Coyotes,39,92,29.77,23,51,31.08,4,2,66.67,3.36,3.28,50.59,24,39,38.1,44.83,44.44,100,25,100,17.39,96.08,1.135
Colorado Avalanche,92,39,70.23,51,23,68.92,2,4,33.33,3.28,3.36,49.41,39,24,61.9,55.17,55.56,0,0,75,3.92,82.61,0.865
Boston Bruins,69,50,57.98,39,30,56.52,3,1,75.0,4.09,1.75,70.02,36,17,67.92,76.47,73.33,75,27.27,75,7.69,96.67,1.044
Carolina Hurricanes,50,69,42.02,30,39,43.48,1,3,25.0,1.75,4.09,29.98,17,36,32.08,23.53,26.67,25,25,72.73,3.33,92.31,0.956
Chicago Blackhawks,52,62,45.61,27,26,50.94,1,2,33.33,2.08,4.51,31.59,23,26,46.94,47.62,43.75,0,0,77.78,3.7,92.31,0.96
Vegas Golden Knights,62,52,54.39,26,27,49.06,2,1,66.67,4.51,2.08,68.41,26,23,53.06,52.38,56.25,100,22.22,100,7.69,96.3,1.04
Columbus Blue Jackets,34,74,31.48,17,34,33.33,2,3,40.0,2.1,3.36,38.45,16,21,43.24,27.78,20.0,50,50,87.5,11.76,91.18,1.0290000000000001
Tampa Bay Lightning,74,34,68.52,34,17,66.67,3,2,60.0,3.36,2.1,61.55,21,16,56.76,72.22,80.0,50,12.5,50,8.82,88.24,0.971
St Louis Blues,94,63,59.87,49,41,54.44,3,2,60.0,3.73,2.06,64.41,50,26,65.79,68.97,63.16,50,16.67,71.43,6.12,95.12,1.012
Vancouver Canucks,63,94,40.13,41,49,45.56,2,3,40.0,2.06,3.73,35.59,26,50,34.21,31.03,36.84,50,28.57,83.33,4.88,93.88,0.988
New York Islanders,69,55,55.65,34,23,59.65,2,1,66.67,3.23,1.65,66.2,35,25,58.33,72.73,64.71,100,18.18,100,5.88,95.65,1.015
Washington Capitals,55,69,44.35,23,34,40.35,1,2,33.33,1.65,3.23,33.8,25,35,41.67,27.27,35.29,0,0,81.82,4.35,94.12,0.985
Montreal Canadiens,61,46,57.01,23,20,53.49,0,1,0.0,1.54,1.76,46.68,18,22,45.0,33.33,33.33,0,0,75,0.0,95.0,0.95
Philadelphia Flyers,46,61,42.99,20,23,46.51,1,0,100.0,1.76,1.54,53.32,22,18,55.0,66.67,66.67,100,25,100,5.0,100.0,1.05
Chicago Blackhawks,45,96,31.91,25,49,33.78,3,1,75.0,2.36,3.71,38.89,14,43,24.56,23.81,31.25,100,40,100,12.0,97.96,1.1
Vegas Golden Knights,96,45,68.09,49,25,66.22,1,3,25.0,3.71,2.36,61.11,43,14,75.44,76.19,68.75,0,0,60,2.04,88.0,0.9
Calgary Flames,60,108,35.71,40,62,39.22,4,5,44.44,2.9,5.12,36.2,22,56,28.21,29.73,33.33,50,33.33,83.33,10.0,91.94,1.0190000000000001
Dallas Stars,108,60,64.29,62,40,60.78,5,4,55.56,5.12,2.9,63.8,56,22,71.79,70.27,66.67,50,16.67,66.67,8.06,90.0,0.981
Arizona Coyotes,32,62,34.04,15,30,33.33,1,7,12.5,0.89,3.6,19.74,15,30,33.33,20.0,17.65,0,0,57.14,6.67,76.67,0.833
Colorado Avalanche,62,32,65.96,30,15,66.67,7,1,87.5,3.6,0.89,80.26,30,15,66.67,80.0,82.35,100,42.86,100,23.33,93.33,1.167
St Louis Blues,61,49,55.45,37,23,61.67,3,1,75.0,3.64,2.0,64.48,24,20,54.55,57.89,58.33,100,28.57,100,8.11,95.65,1.038
Vancouver Canucks,49,61,44.55,23,37,38.33,1,3,25.0,2.0,3.64,35.52,20,24,45.45,42.11,41.67,0,0,71.43,4.35,91.89,0.9620000000000001
Boston Bruins,66,42,61.11,33,19,63.46,4,3,57.14,3.25,1.04,75.66,35,16,68.63,70.83,66.67,66.67,20,80,12.12,84.21,0.963
Carolina Hurricanes,42,66,38.89,19,33,36.54,3,4,42.86,1.04,3.25,24.34,16,35,31.37,29.17,33.33,33.33,20,80,15.79,87.88,1.037
Columbus Blue Jackets,51,51,50.0,29,22,56.86,1,2,33.33,1.61,2.62,38.11,22,20,52.38,38.89,42.86,33.33,16.67,75,3.45,90.91,0.9440000000000001
Tampa Bay Lightning,51,51,50.0,22,29,43.14,2,1,66.67,2.62,1.61,61.89,20,22,47.62,61.11,57.14,66.67,25,83.33,9.09,96.55,1.056
Chicago Blackhawks,52,68,43.33,26,39,40.0,3,4,42.86,1.95,3.75,34.25,26,34,43.33,40.74,45.0,60,33.33,81.82,11.54,89.74,1.013
Vegas Golden Knights,68,52,56.67,39,26,60.0,4,3,57.14,3.75,1.95,65.75,34,26,56.67,59.26,55.0,40,18.18,66.67,10.26,88.46,0.987
New York Islanders,53,64,45.3,26,29,47.27,2,3,40.0,2.56,2.9,46.88,22,33,40.0,61.11,64.29,50,11.11,80,7.69,89.66,0.973
Washington Capitals,64,53,54.7,29,26,52.73,3,2,60.0,2.9,2.56,53.12,33,22,60.0,38.89,35.71,50,20,88.89,10.34,92.31,1.0270000000000001
Calgary Flames,68,64,51.52,29,32,47.54,1,2,33.33,2.02,2.16,48.25,24,30,44.44,44.44,50.0,0,0,80,3.45,93.75,0.972
Dallas Stars,64,68,48.48,32,29,52.46,2,1,66.67,2.16,2.02,51.75,30,24,55.56,55.56,50.0,100,20,100,6.25,96.55,1.028
Montreal Canadiens,58,52,52.73,29,22,56.86,0,2,0.0,1.66,1.37,54.86,21,18,53.85,73.33,80.0,-,0,100,0.0,90.91,0.909
Philadelphia Flyers,52,58,47.27,22,29,43.14,2,0,100.0,1.37,1.66,45.14,18,21,46.15,26.67,20.0,-,0,100,9.09,100.0,1.091
Columbus Blue Jackets,75,49,60.48,41,25,62.12,4,5,44.44,4.1,1.54,72.66,36,17,67.92,59.26,54.55,60,25,80,9.76,80.0,0.898
Tampa Bay Lightning,49,75,39.52,25,41,37.88,5,4,55.56,1.54,4.1,27.34,17,36,32.08,40.74,45.45,40,20,75,20.0,90.24,1.102
Montreal Canadiens,54,67,44.63,33,29,53.23,5,3,62.5,2.94,2.94,50.01,26,38,40.63,37.5,35.71,66.67,40,88.89,15.15,89.66,1.048
Philadelphia Flyers,67,54,55.37,29,33,46.77,3,5,37.5,2.94,2.94,49.99,38,26,59.38,62.5,64.29,33.33,11.11,60,10.34,84.85,0.9520000000000001
St Louis Blues,61,72,45.86,39,30,56.52,3,4,42.86,2.86,2.97,49.09,26,35,42.62,47.83,60.0,0,0,50,7.69,86.67,0.9440000000000001
Vancouver Canucks,72,61,54.14,30,39,43.48,4,3,57.14,2.97,2.86,50.91,35,26,57.38,52.17,40.0,100,50,100,13.33,92.31,1.056
Arizona Coyotes,51,58,46.79,24,36,40.0,1,7,12.5,1.63,2.92,35.8,20,36,35.71,43.48,40.0,20,12.5,66.67,4.17,80.56,0.847
Colorado Avalanche,58,51,53.21,36,24,60.0,7,1,87.5,2.92,1.63,64.2,36,20,64.29,56.52,60.0,80,33.33,87.5,19.44,95.83,1.153
Boston Bruins,47,60,43.93,27,24,52.94,2,1,66.67,2.46,2.91,45.86,22,38,36.67,39.13,33.33,100,25,100,7.41,95.83,1.032
Carolina Hurricanes,60,47,56.07,24,27,47.06,1,2,33.33,2.91,2.46,54.14,38,22,63.33,60.87,66.67,0,0,75,4.17,92.59,0.968
New York Islanders,32,66,32.65,17,21,44.74,4,0,100.0,2.3,1.37,62.65,16,19,45.71,53.85,57.14,100,25,100,23.53,100.0,1.235
Washington Capitals,66,32,67.35,21,17,55.26,0,4,0.0,1.37,2.3,37.35,19,16,54.29,46.15,42.86,0,0,75,0.0,76.47,0.765
Calgary Flames,80,41,66.12,41,24,63.08,3,7,30.0,3.6,2.42,59.86,41,20,67.21,62.5,68.75,0,0,20,7.32,70.83,0.782
Dallas Stars,41,80,33.88,24,41,36.92,7,3,70.0,2.42,3.6,40.14,20,41,32.79,37.5,31.25,100,80,100,29.17,92.68,1.218
St Louis Blues,77,46,62.6,36,25,59.02,2,6,25.0,3.45,3.37,50.54,41,26,61.19,68.0,64.71,33.33,9.09,66.67,5.56,76.0,0.816
Vancouver Canucks,46,77,37.4,25,36,40.98,6,2,75.0,3.37,3.45,49.46,26,41,38.81,32.0,35.29,66.67,33.33,90.91,24.0,94.44,1.1840000000000002
Montreal Canadiens,71,35,66.98,33,17,66.0,2,3,40.0,2.59,1.34,65.85,27,15,64.29,75.0,66.67,50,12.5,75,6.06,82.35,0.884
Philadelphia Flyers,35,71,33.02,17,33,34.0,3,2,60.0,1.34,2.59,34.15,15,27,35.71,25.0,33.33,50,25,87.5,17.65,93.94,1.1159999999999999
Colorado Avalanche,57,51,52.78,31,30,50.82,3,5,37.5,2.1,2.11,49.78,25,27,48.08,42.11,50.0,40,25,62.5,9.68,83.33,0.93
Dallas Stars,51,57,47.22,30,31,49.18,5,3,62.5,2.11,2.1,50.22,27,25,51.92,57.89,50.0,60,37.5,75,16.67,90.32,1.07
Boston Bruins,63,72,46.67,31,37,45.59,3,2,60.0,2.79,3.23,46.3,31,34,47.69,45.83,42.86,100,22.22,100,9.68,94.59,1.043
Tampa Bay Lightning,72,63,53.33,37,31,54.41,2,3,40.0,3.23,2.79,53.7,34,31,52.31,54.17,57.14,0,0,77.78,5.41,90.32,0.9570000000000001
Vancouver Canucks,62,73,45.93,26,39,40.0,0,5,0.0,1.51,3.49,30.2,28,35,44.44,33.33,18.75,0,0,61.54,0.0,87.18,0.872
Vegas Golden Knights,73,62,54.07,39,26,60.0,5,0,100.0,3.49,1.51,69.8,35,28,55.56,66.67,81.25,100,38.46,100,12.82,100.0,1.128
New York Islanders,51,67,43.22,29,29,50.0,4,0,100.0,3.44,2.33,59.62,32,29,52.46,55.0,60.0,100,11.11,100,13.79,100.0,1.138
Philadelphia Flyers,67,51,56.78,29,29,50.0,0,4,0.0,2.33,3.44,40.38,29,32,47.54,45.0,40.0,0,0,88.89,0.0,86.21,0.862
Colorado Avalanche,74,34,68.52,40,27,59.7,2,5,28.57,3.62,3.34,51.98,30,19,61.22,56.0,56.52,20,7.69,60,5.0,81.48,0.865
Dallas Stars,34,74,31.48,27,40,40.3,5,2,71.43,3.34,3.62,48.02,19,30,38.78,44.0,43.48,80,40,92.31,18.52,95.0,1.135
Boston Bruins,54,86,38.57,25,40,38.46,3,4,42.86,1.76,3.69,32.31,26,34,43.33,27.27,29.41,50,60,75,12.0,90.0,1.02
Tampa Bay Lightning,86,54,61.43,40,25,61.54,4,3,57.14,3.69,1.76,67.69,34,26,56.67,72.73,70.59,50,25,40,10.0,88.0,0.98
Vancouver Canucks,56,93,37.58,27,40,40.3,5,2,71.43,3.75,3.38,52.58,27,42,39.13,50.0,45.83,100,45.45,100,18.52,95.0,1.135
Vegas Golden Knights,93,56,62.42,40,27,59.7,2,5,28.57,3.38,3.75,47.42,42,27,60.87,50.0,54.17,0,0,54.55,5.0,81.48,0.865
Colorado Avalanche,63,69,47.73,32,37,46.38,6,4,60.0,3.24,3.89,45.47,26,31,45.61,34.62,36.36,66.67,25,92.86,18.75,89.19,1.079
Dallas Stars,69,63,52.27,37,32,53.62,4,6,40.0,3.89,3.24,54.53,31,26,54.39,65.38,63.64,33.33,7.14,75,10.81,81.25,0.9209999999999999
New York Islanders,71,53,57.26,34,31,52.31,3,4,42.86,3.23,2.17,59.85,32,27,54.24,62.5,64.71,50,18.18,66.67,8.82,87.1,0.9590000000000001
Philadelphia Flyers,53,71,42.74,31,34,47.69,4,3,57.14,2.17,3.23,40.15,27,32,45.76,37.5,35.29,50,33.33,81.82,12.9,91.18,1.041
Boston Bruins,52,54,49.06,24,31,43.64,1,7,12.5,2.03,2.03,49.9,18,23,43.9,47.06,46.15,16.67,16.67,28.57,4.17,77.42,0.816
Tampa Bay Lightning,54,52,50.94,31,24,56.36,7,1,87.5,2.03,2.03,50.1,23,18,56.1,52.94,53.85,83.33,71.43,83.33,22.58,95.83,1.1840000000000002
New York Islanders,57,63,47.5,29,27,51.79,3,1,75.0,2.69,2.27,54.26,29,28,50.88,60.71,66.67,100,16.67,100,10.34,96.3,1.0659999999999998
Philadelphia Flyers,63,57,52.5,27,29,48.21,1,3,25.0,2.27,2.69,45.74,28,29,49.12,39.29,33.33,0,0,83.33,3.7,89.66,0.934
Vancouver Canucks,63,67,48.46,31,34,47.69,0,3,0.0,2.41,2.85,45.8,32,32,50.0,41.67,43.75,-,0,100,0.0,91.18,0.912
Vegas Golden Knights,67,63,51.54,34,31,52.31,3,0,100.0,2.85,2.41,54.2,32,32,50.0,58.33,56.25,-,0,100,8.82,100.0,1.088
Boston Bruins,64,52,55.17,30,26,53.57,1,3,25.0,3.03,2.69,52.99,25,29,46.3,50.0,53.85,0,0,83.33,3.33,88.46,0.9179999999999999
Tampa Bay Lightning,52,64,44.83,26,30,46.43,3,1,75.0,2.69,3.03,47.01,29,25,53.7,50.0,46.15,100,16.67,100,11.54,96.67,1.082
Colorado Avalanche,74,48,60.66,37,29,56.06,4,5,44.44,3.55,3.58,49.85,35,32,52.24,52.78,45.83,16.67,9.09,61.54,10.81,82.76,0.9359999999999999
Dallas Stars,48,74,39.34,29,37,43.94,5,4,55.56,3.58,3.55,50.15,32,35,47.76,47.22,54.17,83.33,38.46,90.91,17.24,89.19,1.064
New York Islanders,52,68,43.33,33,38,46.48,3,2,60.0,3.61,2.59,58.17,36,37,49.32,53.33,50.0,66.67,18.18,90.91,9.09,94.74,1.038
Philadelphia Flyers,68,52,56.67,38,33,53.52,2,3,40.0,2.59,3.61,41.83,37,36,50.68,46.67,50.0,33.33,9.09,81.82,5.26,90.91,0.9620000000000001
Vancouver Canucks,51,62,45.13,31,33,48.44,3,5,37.5,2.38,3.87,38.06,21,35,37.5,48.0,52.38,33.33,9.09,80,9.68,84.85,0.945
Vegas Golden Knights,62,51,54.87,33,31,51.56,5,3,62.5,3.87,2.38,61.94,35,21,62.5,52.0,47.62,66.67,20,90.91,15.15,90.32,1.055
Boston Bruins,100,90,52.63,47,35,57.32,2,3,40.0,3.16,2.96,51.64,47,44,51.65,46.43,50.0,50,11.11,88.89,4.26,91.43,0.9570000000000001
Tampa Bay Lightning,90,100,47.37,35,47,42.68,3,2,60.0,2.96,3.16,48.36,44,47,48.35,53.57,50.0,50,11.11,88.89,8.57,95.74,1.043
Colorado Avalanche,56,72,43.75,41,34,54.67,6,3,66.67,4.9,3.23,60.25,27,34,44.26,51.61,54.17,66.67,30.77,81.82,14.63,91.18,1.058
Dallas Stars,72,56,56.25,34,41,45.33,3,6,33.33,3.23,4.9,39.75,34,27,55.74,48.39,45.83,33.33,18.18,69.23,8.82,85.37,0.9420000000000001
Vancouver Canucks,38,79,32.48,17,43,28.33,2,1,66.67,1.21,3.47,25.84,15,39,27.78,22.22,23.08,66.67,66.67,90,11.76,97.67,1.094
Vegas Golden Knights,79,38,67.52,43,17,71.67,1,2,33.33,3.47,1.21,74.16,39,15,72.22,77.78,76.92,33.33,10,33.33,2.33,88.24,0.9059999999999999
New York Islanders,60,79,43.17,32,32,50.0,3,4,42.86,3.18,2.62,54.87,31,28,52.54,63.33,60.0,50,16.67,75,9.38,87.5,0.9690000000000001
Philadelphia Flyers,79,60,56.83,32,32,50.0,4,3,57.14,2.62,3.18,45.13,28,31,47.46,36.67,40.0,50,25,83.33,12.5,90.63,1.031
Colorado Avalanche,61,57,51.69,24,28,46.15,4,1,80.0,3.35,2.23,60.09,31,23,57.41,61.54,52.38,100,9.09,100,16.67,96.43,1.131
Dallas Stars,57,61,48.31,28,24,53.85,1,4,20.0,2.23,3.35,39.91,23,31,42.59,38.46,47.62,0,0,90.91,3.57,83.33,0.8690000000000001
New York Islanders,107,75,58.79,53,31,63.1,4,5,44.44,5.12,3.02,62.9,51,32,61.45,68.75,70.83,40,11.76,57.14,7.55,83.87,0.914
Philadelphia Flyers,75,107,41.21,31,53,36.9,5,4,55.56,3.02,5.12,37.1,32,51,38.55,31.25,29.17,60,42.86,88.24,16.13,92.45,1.0859999999999999
Vancouver Canucks,42,90,31.82,23,48,32.39,4,0,100.0,3.08,5.32,36.7,24,52,31.58,37.14,37.04,100,20,100,17.39,100.0,1.1740000000000002
Vegas Golden Knights,90,42,68.18,48,23,67.61,0,4,0.0,5.32,3.08,63.3,52,24,68.42,62.86,62.96,0,0,80,0.0,82.61,0.826
Vancouver Canucks,39,78,33.33,14,36,28.0,0,3,0.0,1.47,4.31,25.39,21,35,37.5,27.27,15.38,0,0,81.82,0.0,91.67,0.917
Vegas Golden Knights,78,39,66.67,36,14,72.0,3,0,100.0,4.31,1.47,74.61,35,21,62.5,72.73,84.62,100,18.18,100,8.33,100.0,1.083
Colorado Avalanche,84,65,56.38,44,35,55.7,4,5,44.44,4.33,2.65,62.02,44,32,57.89,65.71,61.54,42.86,18.75,60,9.09,85.71,0.948
Dallas Stars,65,84,43.62,35,44,44.3,5,4,55.56,2.65,4.33,37.98,32,44,42.11,34.29,38.46,57.14,40,81.25,14.29,90.91,1.052
New York Islanders,55,49,52.88,26,16,61.9,4,0,100.0,3.5,2.13,62.16,36,31,53.73,53.85,53.33,-,0,100,15.38,100.0,1.1540000000000001
Philadelphia Flyers,49,55,47.12,16,26,38.1,0,4,0.0,2.13,3.5,37.84,31,36,46.27,46.15,46.67,-,0,100,0.0,84.62,0.846
Dallas Stars,51,48,51.52,25,25,50.0,1,0,100.0,2.3,1.4,62.21,29,16,64.44,64.29,63.64,100,14.29,100,4.0,100.0,1.04
Vegas Golden Knights,48,51,48.48,25,25,50.0,0,1,0.0,1.4,2.3,37.79,16,29,35.56,35.71,36.36,0,0,85.71,0.0,96.0,0.96
New York Islanders,43,47,47.78,24,34,41.38,2,8,20.0,2.87,2.87,49.96,28,24,53.85,42.31,39.13,12.5,11.11,50,8.33,76.47,0.848
Tampa Bay Lightning,47,43,52.22,34,24,58.62,8,2,80.0,2.87,2.87,50.04,24,28,46.15,57.69,60.87,87.5,50,88.89,23.53,91.67,1.1520000000000001
Dallas Stars,41,56,42.27,24,32,42.86,0,3,0.0,1.99,3.29,37.67,20,30,40.0,33.33,28.57,0,0,80,0.0,90.63,0.9059999999999999
Vegas Golden Knights,56,41,57.73,32,24,57.14,3,0,100.0,3.29,1.99,62.33,30,20,60.0,66.67,71.43,100,20,100,9.38,100.0,1.094
New York Islanders,59,49,54.63,28,21,57.14,1,2,33.33,2.74,2.71,50.2,33,23,58.93,55.56,52.94,100,11.11,100,3.57,90.48,0.94
Tampa Bay Lightning,49,59,45.37,21,28,42.86,2,1,66.67,2.71,2.74,49.8,23,33,41.07,44.44,47.06,0,0,88.89,9.52,96.43,1.06
Dallas Stars,44,73,37.61,23,40,36.51,3,2,60.0,2.19,3.79,36.67,23,22,51.11,37.5,36.84,50,14.29,91.67,13.04,95.0,1.08
Vegas Golden Knights,73,44,62.39,40,23,63.49,2,3,40.0,3.79,2.19,63.33,22,23,48.89,62.5,63.16,50,8.33,85.71,5.0,86.96,0.92
New York Islanders,58,77,42.96,36,37,49.32,5,3,62.5,3.01,2.87,51.19,31,31,50.0,46.88,57.14,57.14,33.33,66.67,13.89,91.89,1.058
Tampa Bay Lightning,77,58,57.04,37,36,50.68,3,5,37.5,2.87,3.01,48.81,31,31,50.0,53.13,42.86,42.86,33.33,66.67,8.11,86.11,0.9420000000000001
Dallas Stars,38,69,35.51,20,33,37.74,2,1,66.67,2.21,3.69,37.49,22,30,42.31,44.44,52.94,100,22.22,100,10.0,96.97,1.07
Vegas Golden Knights,69,38,64.49,33,20,62.26,1,2,33.33,3.69,2.21,62.51,30,22,57.69,55.56,47.06,0,0,77.78,3.03,90.0,0.93
New York Islanders,58,61,48.74,27,36,42.86,1,4,20.0,2.25,3.76,37.39,31,31,50.0,46.43,31.58,0,0,76.92,3.7,88.89,0.9259999999999999
Tampa Bay Lightning,61,58,51.26,36,27,57.14,4,1,80.0,3.76,2.25,62.61,31,31,50.0,53.57,68.42,100,23.08,100,11.11,96.3,1.074
Dallas Stars,54,65,45.38,26,36,41.94,3,2,60.0,2.24,2.71,45.3,22,35,38.6,37.04,35.0,50,14.29,92.31,11.54,94.44,1.06
Vegas Golden Knights,65,54,54.62,36,26,58.06,2,3,40.0,2.71,2.24,54.7,35,22,61.4,62.96,65.0,50,7.69,85.71,5.56,88.46,0.94
New York Islanders,64,84,43.24,24,37,39.34,2,1,66.67,1.88,3.34,35.94,26,40,39.39,33.33,41.67,100,20,100,8.33,97.3,1.056
Tampa Bay Lightning,84,64,56.76,37,24,60.66,1,2,33.33,3.34,1.88,64.06,40,26,60.61,66.67,58.33,0,0,80,2.7,91.67,0.9440000000000001
New York Islanders,64,103,38.32,27,48,36.0,1,2,33.33,2.09,3.58,36.84,25,40,38.46,38.46,46.15,0,0,71.43,3.7,95.83,0.995
Tampa Bay Lightning,103,64,61.68,48,27,64.0,2,1,66.67,3.58,2.09,63.16,40,25,61.54,61.54,53.85,100,28.57,100,4.17,96.3,1.005
Dallas Stars,51,77,39.84,20,36,35.71,4,1,80.0,3.18,2.53,55.76,28,26,51.85,60.0,58.33,66.67,28.57,80,20.0,97.22,1.172
Tampa Bay Lightning,77,51,60.16,36,20,64.29,1,4,20.0,2.53,3.18,44.24,26,28,48.15,40.0,41.67,33.33,20,71.43,2.78,80.0,0.828
Dallas Stars,52,60,46.43,29,31,48.33,2,3,40.0,2.52,3.04,45.38,24,25,48.98,44.0,45.0,66.67,22.22,90.91,6.9,90.32,0.972
Tampa Bay Lightning,60,52,53.57,31,29,51.67,3,2,60.0,3.04,2.52,54.62,25,24,51.02,56.0,55.0,33.33,9.09,77.78,9.68,93.1,1.028
Dallas Stars,43,45,48.86,24,32,42.86,2,5,28.57,2.2,2.17,50.44,30,22,57.69,57.89,53.33,33.33,12.5,71.43,8.33,84.38,0.927
Tampa Bay Lightning,45,43,51.14,32,24,57.14,5,2,71.43,2.17,2.2,49.56,22,30,42.31,42.11,46.67,66.67,28.57,87.5,15.63,91.67,1.073
Dallas Stars,58,68,46.03,30,35,46.15,4,5,44.44,2.43,3.84,38.75,25,32,43.86,37.93,38.1,57.14,50,76.92,13.33,85.71,0.99
Tampa Bay Lightning,68,58,53.97,35,30,53.85,5,4,55.56,3.84,2.43,61.25,32,25,56.14,62.07,61.9,42.86,23.08,50,14.29,86.67,1.01
Dallas Stars,68,92,42.5,33,41,44.59,3,2,60.0,4.26,3.18,57.31,37,42,46.84,61.29,61.54,75,18.75,90,9.09,95.12,1.042
Tampa Bay Lightning,92,68,57.5,41,33,55.41,2,3,40.0,3.18,4.26,42.69,42,37,53.16,38.71,38.46,25,10,81.25,4.88,90.91,0.958
Dallas Stars,57,55,50.89,22,29,43.14,0,2,0.0,2.47,2.19,52.93,28,20,58.33,69.57,58.33,0,0,60,0.0,93.1,0.9309999999999999
Tampa Bay Lightning,55,57,49.11,29,22,56.86,2,0,100.0,2.19,2.47,47.07,20,28,41.67,30.43,41.67,100,40,100,6.9,100.0,1.069
