Game,Team,,TOI,CF,CA,CF%,FF,FA,FF%,SF,SA,SF%,GF,GA,GF%,xGF,xGA,xGF%,SCF,SCA,SCF%,HDCF,HDCA,HDCF%,HDSF,HDSA,HDSF%,HDGF,HDGA,HDGF%,HDSH%,HDSV%,MDCF,MDCA,MDCF%,MDSF,MDSA,MDSF%,MDGF,MDGA,MDGF%,MDSH%,MDSV%,LDCF,LDCA,LDCF%,LDSF,LDSA,LDSF%,LDGF,LDGA,LDGF%,LDSH%,LDSV%,SH%,SV%,PDO,Attendance
"2020-08-01 - Blackhawks 6, Oilers 4",Chicago Blackhawks,Limited ReportFull ReportSeries Report,60,69,51,57.5,54,36,60,42,29,59.15,6,4,60,3.29,2.64,55.47,35,29,54.69,12,10,54.55,11,9,55,3,3,50,27.27,66.67,23,19,54.76,13,10,56.52,2,0,100,15.38,100,32,19,62.75,18,10,64.29,1,1,50,5.56,90,14.29,86.21,1.005,0
"2020-08-01 - Blackhawks 6, Oilers 4",Edmonton Oilers,Limited ReportFull ReportSeries Report,60,51,69,42.5,36,54,40,29,42,40.85,4,6,40,2.64,3.29,44.53,29,35,45.31,10,12,45.45,9,11,45,3,3,50,33.33,72.73,19,23,45.24,10,13,43.48,0,2,0,0,84.62,19,32,37.25,10,18,35.71,1,1,50,10,94.44,13.79,85.71,0.995,0
"2020-08-01 - Canadiens 3, Penguins 2",Montreal Canadiens,Limited ReportFull ReportSeries Report,73.95,64,96,40,47,69,40.52,35,41,46.05,3,2,60,2.39,4.44,35.01,33,55,37.5,12,20,37.5,11,13,45.83,1,1,50,9.09,92.31,21,35,37.5,6,11,35.29,2,0,100,33.33,100,24,35,40.68,13,14,48.15,0,1,0,0,92.86,8.57,95.12,1.037,0
"2020-08-01 - Canadiens 3, Penguins 2",Pittsburgh Penguins,Limited ReportFull ReportSeries Report,73.95,96,64,60,69,47,59.48,41,35,53.95,2,3,40,4.44,2.39,64.99,55,33,62.5,20,12,62.5,13,11,54.17,1,1,50,7.69,90.91,35,21,62.5,11,6,64.71,0,2,0,0,66.67,35,24,59.32,14,13,51.85,1,0,100,7.14,100,4.88,91.43,0.963,0
"2020-08-01 - Jets 1, Flames 4",Calgary Flames,Limited ReportFull ReportSeries Report,60,50,45,52.63,42,38,52.5,33,18,64.71,4,1,80,3.23,1.85,63.6,23,21,52.27,6,8,42.86,5,1,83.33,2,1,66.67,40,0,17,13,56.67,11,8,57.89,2,0,100,18.18,100,23,22,51.11,15,8,65.22,0,0,-,0,100,12.12,94.44,1.066,0
"2020-08-01 - Jets 1, Flames 4",Winnipeg Jets,Limited ReportFull ReportSeries Report,60,45,50,47.37,38,42,47.5,18,33,35.29,1,4,20,1.85,3.23,36.4,21,23,47.73,8,6,57.14,1,5,16.67,1,2,33.33,100,60,13,17,43.33,8,11,42.11,0,2,0,0,81.82,22,23,48.89,8,15,34.78,0,0,-,0,100,5.56,87.88,0.934,0
"2020-08-01 - Panthers 1, Islanders 2",Florida Panthers,Limited ReportFull ReportSeries Report,60,51,58,46.79,39,43,47.56,28,28,50,1,2,33.33,1.85,1.86,49.81,21,26,44.68,5,6,45.45,4,3,57.14,1,1,50,25,66.67,16,20,44.44,8,7,53.33,0,0,-,0,100,27,26,50.94,14,16,46.67,0,1,0,0,93.75,3.57,92.86,0.964,0
"2020-08-01 - Panthers 1, Islanders 2",New York Islanders,Limited ReportFull ReportSeries Report,60,58,51,53.21,43,39,52.44,28,28,50,2,1,66.67,1.86,1.85,50.19,26,21,55.32,6,5,54.55,3,4,42.86,1,1,50,33.33,75,20,16,55.56,7,8,46.67,0,0,-,0,100,26,27,49.06,16,14,53.33,1,0,100,6.25,100,7.14,96.43,1.036,0
"2020-08-01 - Rangers 2, Hurricanes 3",Carolina Hurricanes,Limited ReportFull ReportSeries Report,60,69,49,58.47,54,40,57.45,37,26,58.73,3,2,60,3.1,2.19,58.57,33,20,62.26,15,8,65.22,9,2,81.82,1,1,50,11.11,50,18,12,60,9,10,47.37,2,0,100,22.22,100,29,26,52.73,14,12,53.85,0,1,0,0,91.67,8.11,92.31,1.004,0
"2020-08-01 - Rangers 2, Hurricanes 3",New York Rangers,Limited ReportFull ReportSeries Report,60,49,69,41.53,40,54,42.55,26,37,41.27,2,3,40,2.19,3.1,41.43,20,33,37.74,8,15,34.78,2,9,18.18,1,1,50,50,88.89,12,18,40,10,9,52.63,0,2,0,0,77.78,26,29,47.27,12,14,46.15,1,0,100,8.33,100,7.69,91.89,0.996,0
"2020-08-02 - Blue Jackets 2, Maple Leafs 0",Columbus Blue Jackets,Limited ReportFull ReportSeries Report,60,69,62,52.67,55,44,55.56,35,28,55.56,2,0,100,2.75,1.87,59.49,28,29,49.12,10,10,50,5,5,50,0,0,-,0,100,18,19,48.65,6,4,60,2,0,100,33.33,100,39,31,55.71,22,18,55,0,0,-,0,100,5.71,100,1.057,0
"2020-08-02 - Blue Jackets 2, Maple Leafs 0",Toronto Maple Leafs,Limited ReportFull ReportSeries Report,60,62,69,47.33,44,55,44.44,28,35,44.44,0,2,0,1.87,2.75,40.51,29,28,50.88,10,10,50,5,5,50,0,0,-,0,100,19,18,51.35,4,6,40,0,2,0,0,66.67,31,39,44.29,18,22,45,0,0,-,0,100,0,94.29,0.943,0
"2020-08-02 - Blues 1, Avalanche 2",Colorado Avalanche,Limited ReportFull Report,60,63,49,56.25,49,39,55.68,38,32,54.29,2,1,66.67,2.82,1.82,60.77,29,24,54.72,8,5,61.54,6,5,54.55,2,0,100,33.33,100,21,19,52.5,9,10,47.37,0,1,0,0,90,31,21,59.62,20,14,58.82,0,0,-,0,100,5.26,96.88,1.021,0
"2020-08-02 - Blues 1, Avalanche 2",St Louis Blues,Limited ReportFull Report,60,49,63,43.75,39,49,44.32,32,38,45.71,1,2,33.33,1.82,2.82,39.23,24,29,45.28,5,8,38.46,5,6,45.45,0,2,0,0,66.67,19,21,47.5,10,9,52.63,1,0,100,10,100,21,31,40.38,14,20,41.18,0,0,-,0,100,3.13,94.74,0.979,0
"2020-08-02 - Coyotes 4, Predators 3",Arizona Coyotes,Limited ReportFull ReportSeries Report,60,60,76,44.12,43,56,43.43,37,43,46.25,4,3,57.14,2.48,2.57,49.06,24,31,43.64,10,10,50,8,4,66.67,3,1,75,37.5,75,14,21,40,4,9,30.77,0,1,0,0,88.89,32,37,46.38,21,24,46.67,1,1,50,4.76,95.83,10.81,93.02,1.038,0
"2020-08-02 - Coyotes 4, Predators 3",Nashville Predators,Limited ReportFull ReportSeries Report,60,76,60,55.88,56,43,56.57,43,37,53.75,3,4,42.86,2.57,2.48,50.94,31,24,56.36,10,10,50,4,8,33.33,1,3,25,25,62.5,21,14,60,9,4,69.23,1,0,100,11.11,100,37,32,53.62,24,21,53.33,1,1,50,4.17,95.24,6.98,89.19,0.962,0
"2020-08-02 - Flyers 4, Bruins 1",Boston Bruins,Limited ReportFull Report,60,70,47,59.83,54,36,60,35,29,54.69,1,4,20,2.82,1.31,68.23,34,14,70.83,12,5,70.59,11,5,68.75,1,1,50,9.09,80,22,9,70.97,9,6,60,0,2,0,0,66.67,32,26,55.17,13,13,50,0,1,0,0,92.31,2.86,86.21,0.891,0
"2020-08-02 - Flyers 4, Bruins 1",Philadelphia Flyers,Limited ReportFull Report,60,47,70,40.17,36,54,40,29,35,45.31,4,1,80,1.31,2.82,31.77,14,34,29.17,5,12,29.41,5,11,31.25,1,1,50,20,90.91,9,22,29.03,6,9,40,2,0,100,33.33,100,26,32,44.83,13,13,50,1,0,100,7.69,100,13.79,97.14,1.109,0
"2020-08-02 - Wild 3, Canucks 0",Minnesota Wild,Limited ReportFull ReportSeries Report,60,55,54,50.46,41,39,51.25,31,28,52.54,3,0,100,2.81,1.41,66.63,24,23,51.06,8,5,61.54,8,3,72.73,0,0,-,0,100,16,18,47.06,5,5,50,1,0,100,20,100,25,27,48.08,16,17,48.48,1,0,100,6.25,100,9.68,100,1.097,0
"2020-08-02 - Wild 3, Canucks 0",Vancouver Canucks,Limited ReportFull ReportSeries Report,60,54,55,49.54,39,41,48.75,28,31,47.46,0,3,0,1.41,2.81,33.37,23,24,48.94,5,8,38.46,3,8,27.27,0,0,-,0,100,18,16,52.94,5,5,50,0,1,0,0,80,27,25,51.92,17,16,51.52,0,1,0,0,93.75,0,90.32,0.903,0
"2020-08-03 - Blackhawks 3, Oilers 6",Chicago Blackhawks,Limited ReportFull ReportSeries Report,60,53,62,46.09,31,48,39.24,26,35,42.62,3,6,33.33,1.69,3.59,32.02,26,31,45.61,8,23,25.81,6,16,27.27,1,3,25,16.67,81.25,18,8,69.23,7,3,70,1,0,100,14.29,100,20,29,40.82,10,16,38.46,1,3,25,10,81.25,11.54,82.86,0.944,0
"2020-08-03 - Blackhawks 3, Oilers 6",Edmonton Oilers,Limited ReportFull ReportSeries Report,60,62,53,53.91,48,31,60.76,35,26,57.38,6,3,66.67,3.59,1.69,67.98,31,26,54.39,23,8,74.19,16,6,72.73,3,1,75,18.75,83.33,8,18,30.77,3,7,30,0,1,0,0,85.71,29,20,59.18,16,10,61.54,3,1,75,18.75,90,17.14,88.46,1.056,0
"2020-08-03 - Canadiens 1, Penguins 3",Montreal Canadiens,Limited ReportFull ReportSeries Report,60,47,71,39.83,36,57,38.71,27,38,41.54,1,3,25,1.7,5.51,23.53,17,35,32.69,8,12,40,8,9,47.06,1,2,33.33,12.5,77.78,9,23,28.13,6,12,33.33,0,1,0,0,91.67,25,29,46.3,8,16,33.33,0,0,-,0,100,3.7,92.11,0.958,0
"2020-08-03 - Canadiens 1, Penguins 3",Pittsburgh Penguins,Limited ReportFull ReportSeries Report,60,71,47,60.17,57,36,61.29,38,27,58.46,3,1,75,5.51,1.7,76.47,35,17,67.31,12,8,60,9,8,52.94,2,1,66.67,22.22,87.5,23,9,71.88,12,6,66.67,1,0,100,8.33,100,29,25,53.7,16,8,66.67,0,0,-,0,100,7.89,96.3,1.042,0
"2020-08-03 - Capitals 3, Lightning 4",Tampa Bay Lightning,Limited ReportFull Report,80,53,59,47.32,40,47,45.98,31,35,46.97,4,3,57.14,3.12,5.15,37.73,18,28,39.13,8,14,36.36,6,11,35.29,3,2,60,50,81.82,10,14,41.67,4,7,36.36,0,1,0,0,85.71,30,29,50.85,19,16,54.29,1,0,100,5.26,100,12.9,91.43,1.043,0
"2020-08-03 - Capitals 3, Lightning 4",Washington Capitals,Limited ReportFull Report,80,59,53,52.68,47,40,54.02,35,31,53.03,3,4,42.86,5.15,3.12,62.27,28,18,60.87,14,8,63.64,11,6,64.71,2,3,40,18.18,50,14,10,58.33,7,4,63.64,1,0,100,14.29,100,29,30,49.15,16,19,45.71,0,1,0,0,94.74,8.57,87.1,0.957,0
"2020-08-03 - Jets 3, Flames 2",Calgary Flames,Limited ReportFull ReportSeries Report,60,51,49,51,39,37,51.32,30,26,53.57,2,3,40,1.99,2.58,43.59,27,23,54,4,9,30.77,1,6,14.29,0,3,0,0,50,23,14,62.16,17,7,70.83,2,0,100,11.76,100,20,24,45.45,12,12,50,0,0,-,0,100,6.67,88.46,0.951,0
"2020-08-03 - Jets 3, Flames 2",Winnipeg Jets,Limited ReportFull ReportSeries Report,60,49,51,49,37,39,48.68,26,30,46.43,3,2,60,2.58,1.99,56.41,23,27,46,9,4,69.23,6,1,85.71,3,0,100,50,100,14,23,37.84,7,17,29.17,0,2,0,0,88.24,24,20,54.55,12,12,50,0,0,-,0,100,11.54,93.33,1.049,0
"2020-08-03 - Rangers 1, Hurricanes 4",Carolina Hurricanes,Limited ReportFull ReportSeries Report,60,55,52,51.4,44,39,53.01,34,24,58.62,4,1,80,2.21,1.76,55.62,25,24,51.02,10,5,66.67,7,3,70,2,1,66.67,28.57,66.67,15,19,44.12,6,9,40,0,0,-,0,100,27,25,51.92,20,10,66.67,2,0,100,10,100,11.76,95.83,1.076,0
"2020-08-03 - Rangers 1, Hurricanes 4",New York Rangers,Limited ReportFull ReportSeries Report,60,52,55,48.6,39,44,46.99,24,34,41.38,1,4,20,1.76,2.21,44.38,24,25,48.98,5,10,33.33,3,7,30,1,2,33.33,33.33,71.43,19,15,55.88,9,6,60,0,0,-,0,100,25,27,48.08,10,20,33.33,0,2,0,0,90,4.17,88.24,0.924,0
"2020-08-03 - Stars 3, Golden Knights 5",Dallas Stars,Limited ReportFull Report,60,47,63,42.73,36,47,43.37,27,33,45,3,5,37.5,2.3,2.99,43.48,27,28,49.09,15,10,60,11,7,61.11,2,1,66.67,18.18,85.71,12,18,40,6,12,33.33,1,2,33.33,16.67,83.33,15,30,33.33,8,12,40,0,1,0,0,91.67,11.11,84.85,0.96,0
"2020-08-03 - Stars 3, Golden Knights 5",Vegas Golden Knights,Limited ReportFull Report,60,63,47,57.27,47,36,56.63,33,27,55,5,3,62.5,2.99,2.3,56.52,28,27,50.91,10,15,40,7,11,38.89,1,2,33.33,14.29,81.82,18,12,60,12,6,66.67,2,1,66.67,16.67,83.33,30,15,66.67,12,8,60,1,0,100,8.33,100,15.15,88.89,1.04,0
"2020-08-04 - Blue Jackets 0, Maple Leafs 3",Columbus Blue Jackets,Limited ReportFull ReportSeries Report,60,48,71,40.34,32,53,37.65,20,39,33.9,0,3,0,1.87,4.62,28.87,25,42,37.31,8,17,32,4,14,22.22,0,2,0,0,85.71,17,25,40.48,10,10,50,0,0,-,0,100,21,25,45.65,6,13,31.58,0,0,-,0,100,0,92.31,0.923,0
"2020-08-04 - Blue Jackets 0, Maple Leafs 3",Toronto Maple Leafs,Limited ReportFull ReportSeries Report,60,71,48,59.66,53,32,62.35,39,20,66.1,3,0,100,4.62,1.87,71.13,42,25,62.69,17,8,68,14,4,77.78,2,0,100,14.29,100,25,17,59.52,10,10,50,0,0,-,0,100,25,21,54.35,13,6,68.42,0,0,-,0,100,7.69,100,1.077,0
"2020-08-04 - Coyotes 2, Predators 4",Arizona Coyotes,Limited ReportFull ReportSeries Report,60,56,51,52.34,35,41,46.05,26,28,48.15,2,4,33.33,2.15,2.18,49.63,25,22,53.19,13,8,61.9,9,5,64.29,2,1,66.67,22.22,80,12,14,46.15,3,9,25,0,2,0,0,77.78,25,24,51.02,10,13,43.48,0,1,0,0,92.31,7.69,85.71,0.934,0
"2020-08-04 - Coyotes 2, Predators 4",Nashville Predators,Limited ReportFull ReportSeries Report,60,51,56,47.66,41,35,53.95,28,26,51.85,4,2,66.67,2.18,2.15,50.37,22,25,46.81,8,13,38.1,5,9,35.71,1,2,33.33,20,77.78,14,12,53.85,9,3,75,2,0,100,22.22,100,24,25,48.98,13,10,56.52,1,0,100,7.69,100,14.29,92.31,1.066,0
"2020-08-04 - Flames 6, Jets 2",Calgary Flames,Limited ReportFull ReportSeries Report,60,51,58,46.79,38,40,48.72,32,35,47.76,6,2,75,3.07,1.56,66.35,24,23,51.06,9,7,56.25,7,6,53.85,4,1,80,57.14,83.33,15,16,48.39,8,7,53.33,2,1,66.67,25,85.71,22,31,41.51,15,21,41.67,0,0,-,0,100,18.75,94.29,1.13,0
"2020-08-04 - Flames 6, Jets 2",Winnipeg Jets,Limited ReportFull ReportSeries Report,60,58,51,53.21,40,38,51.28,35,32,52.24,2,6,25,1.56,3.07,33.65,23,24,48.94,7,9,43.75,6,7,46.15,1,4,20,16.67,42.86,16,15,51.61,7,8,46.67,1,2,33.33,14.29,75,31,22,58.49,21,15,58.33,0,0,-,0,100,5.71,81.25,0.87,0
"2020-08-04 - Hurricanes 4, Rangers 1",Carolina Hurricanes,Limited ReportFull ReportSeries Report,60,63,59,51.64,45,44,50.56,31,38,44.93,4,1,80,3.09,2.56,54.64,25,32,43.86,12,11,52.17,8,8,50,2,1,66.67,25,87.5,13,21,38.24,4,13,23.53,2,0,100,50,100,30,25,54.55,15,15,50,0,0,-,0,100,12.9,97.37,1.103,0
"2020-08-04 - Hurricanes 4, Rangers 1",New York Rangers,Limited ReportFull ReportSeries Report,60,59,63,48.36,44,45,49.44,38,31,55.07,1,4,20,2.56,3.09,45.36,32,25,56.14,11,12,47.83,8,8,50,1,2,33.33,12.5,75,21,13,61.76,13,4,76.47,0,2,0,0,50,25,30,45.45,15,15,50,0,0,-,0,100,2.63,87.1,0.897,0
"2020-08-04 - Panthers 2, Islanders 4",Florida Panthers,Limited ReportFull ReportSeries Report,60,56,57,49.56,40,44,47.62,28,34,45.16,2,4,33.33,2.63,2.65,49.82,33,31,51.56,12,13,48,8,10,44.44,0,2,0,0,80,21,18,53.85,11,14,44,2,1,66.67,18.18,92.86,23,23,50,9,8,52.94,0,1,0,0,87.5,7.14,88.24,0.954,0
"2020-08-04 - Panthers 2, Islanders 4",New York Islanders,Limited ReportFull ReportSeries Report,60,57,56,50.44,44,40,52.38,34,28,54.84,4,2,66.67,2.65,2.63,50.18,31,33,48.44,13,12,52,10,8,55.56,2,0,100,20,100,18,21,46.15,14,11,56,1,2,33.33,7.14,81.82,23,23,50,8,9,47.06,1,0,100,12.5,100,11.76,92.86,1.046,0
"2020-08-04 - Wild 3, Canucks 4",Minnesota Wild,Limited ReportFull ReportSeries Report,60,59,49,54.63,46,39,54.12,35,28,55.56,3,4,42.86,2.04,2.47,45.28,24,24,50,8,10,44.44,7,6,53.85,0,2,0,0,66.67,16,14,53.33,6,10,37.5,2,1,66.67,33.33,90,32,23,58.18,20,12,62.5,1,1,50,5,91.67,8.57,85.71,0.943,0
"2020-08-04 - Wild 3, Canucks 4",Vancouver Canucks,Limited ReportFull ReportSeries Report,60,49,59,45.37,39,46,45.88,28,35,44.44,4,3,57.14,2.47,2.04,54.72,24,24,50,10,8,55.56,6,7,46.15,2,0,100,33.33,100,14,16,46.67,10,6,62.5,1,2,33.33,10,66.67,23,32,41.82,12,20,37.5,1,1,50,8.33,95,14.29,91.43,1.057,0
"2020-08-05 - Avalanche 4, Stars 0",Colorado Avalanche,Limited ReportFull Report,60,69,44,61.06,56,40,58.33,40,27,59.7,4,0,100,3.76,2.46,60.46,35,19,64.81,17,13,56.67,15,9,62.5,2,0,100,13.33,100,18,6,75,6,2,75,0,0,-,0,100,30,23,56.6,18,15,54.55,2,0,100,11.11,100,10,100,1.1,0
"2020-08-05 - Avalanche 4, Stars 0",Dallas Stars,Limited ReportFull Report,60,44,69,38.94,40,56,41.67,27,40,40.3,0,4,0,2.46,3.76,39.54,19,35,35.19,13,17,43.33,9,15,37.5,0,2,0,0,86.67,6,18,25,2,6,25,0,0,-,0,100,23,30,43.4,15,18,45.45,0,2,0,0,88.89,0,90,0.9,0
"2020-08-05 - Islanders 2, Panthers 3",Florida Panthers,Limited ReportFull ReportSeries Report,60,47,51,47.96,34,37,47.89,22,22,50,3,2,60,2.71,1.79,60.12,30,25,54.55,11,11,50,7,6,53.85,1,0,100,14.29,100,19,14,57.58,8,5,61.54,2,1,66.67,25,80,12,23,34.29,5,8,38.46,0,1,0,0,87.5,13.64,90.91,1.045,0
"2020-08-05 - Islanders 2, Panthers 3",New York Islanders,Limited ReportFull ReportSeries Report,60,51,47,52.04,37,34,52.11,22,22,50,2,3,40,1.79,2.71,39.88,25,30,45.45,11,11,50,6,7,46.15,0,1,0,0,85.71,14,19,42.42,5,8,38.46,1,2,33.33,20,75,23,12,65.71,8,5,61.54,1,0,100,12.5,100,9.09,86.36,0.955,0
"2020-08-05 - Lightning 3, Bruins 2",Boston Bruins,Limited ReportFull Report,60,58,58,50,42,48,46.67,27,35,43.55,2,3,40,2.02,2.98,40.41,24,27,47.06,8,14,36.36,4,11,26.67,1,3,25,25,72.73,16,13,55.17,6,6,50,0,0,-,0,100,33,28,54.1,17,16,51.52,1,0,100,5.88,100,7.41,91.43,0.988,0
"2020-08-05 - Lightning 3, Bruins 2",Tampa Bay Lightning,Limited ReportFull Report,60,58,58,50,48,42,53.33,35,27,56.45,3,2,60,2.98,2.02,59.59,27,24,52.94,14,8,63.64,11,4,73.33,3,1,75,27.27,75,13,16,44.83,6,6,50,0,0,-,0,100,28,33,45.9,16,17,48.48,0,1,0,0,94.12,8.57,92.59,1.012,0
"2020-08-05 - Oilers 3, Blackhawks 4",Chicago Blackhawks,Limited ReportFull ReportSeries Report,60,54,51,51.43,40,38,51.28,25,28,47.17,4,3,57.14,2.35,3.3,41.67,27,27,50,8,15,34.78,5,13,27.78,3,3,50,60,76.92,19,12,61.29,5,5,50,0,0,-,0,100,26,23,53.06,14,10,58.33,1,0,100,7.14,100,16,89.29,1.053,0
"2020-08-05 - Oilers 3, Blackhawks 4",Edmonton Oilers,Limited ReportFull ReportSeries Report,60,51,54,48.57,38,40,48.72,28,25,52.83,3,4,42.86,3.3,2.35,58.33,27,27,50,15,8,65.22,13,5,72.22,3,3,50,23.08,40,12,19,38.71,5,5,50,0,0,-,0,100,23,26,46.94,10,14,41.67,0,1,0,0,92.86,10.71,84,0.947,0
"2020-08-05 - Penguins 3, Canadiens 4",Montreal Canadiens,Limited ReportFull ReportSeries Report,60,58,57,50.43,41,41,50,31,33,48.44,4,3,57.14,2.73,2.91,48.42,29,32,47.54,11,18,37.93,9,14,39.13,3,2,60,33.33,85.71,18,14,56.25,12,6,66.67,0,0,-,0,100,21,22,48.84,6,10,37.5,1,1,50,16.67,90,12.9,90.91,1.038,0
"2020-08-05 - Penguins 3, Canadiens 4",Pittsburgh Penguins,Limited ReportFull ReportSeries Report,60,57,58,49.57,41,41,50,33,31,51.56,3,4,42.86,2.91,2.73,51.58,32,29,52.46,18,11,62.07,14,9,60.87,2,3,40,14.29,66.67,14,18,43.75,6,12,33.33,0,0,-,0,100,22,21,51.16,10,6,62.5,1,1,50,10,83.33,9.09,87.1,0.962,0
"2020-08-05 - Predators 1, Coyotes 4",Arizona Coyotes,Limited ReportFull ReportSeries Report,60,51,69,42.5,33,47,41.25,28,40,41.18,4,1,80,2.03,2.85,41.66,23,37,38.33,8,16,33.33,5,13,27.78,1,1,50,20,92.31,15,21,41.67,8,9,47.06,2,0,100,25,100,25,26,49.02,14,17,45.16,0,0,-,0,100,14.29,97.5,1.118,0
"2020-08-05 - Predators 1, Coyotes 4",Nashville Predators,Limited ReportFull ReportSeries Report,60,69,51,57.5,47,33,58.75,40,28,58.82,1,4,20,2.85,2.03,58.34,37,23,61.67,16,8,66.67,13,5,72.22,1,1,50,7.69,80,21,15,58.33,9,8,52.94,0,2,0,0,75,26,25,50.98,17,14,54.84,0,0,-,0,100,2.5,85.71,0.882,0
"2020-08-06 - Canucks 3, Wild 0",Minnesota Wild,Limited ReportFull ReportSeries Report,60,72,52,58.06,50,41,54.95,27,29,48.21,0,3,0,2.83,2.6,52.12,41,21,66.13,15,14,51.72,8,10,44.44,0,2,0,0,80,26,7,78.79,10,4,71.43,0,1,0,0,75,28,29,49.12,9,14,39.13,0,0,-,0,100,0,89.66,0.897,0
"2020-08-06 - Canucks 3, Wild 0",Vancouver Canucks,Limited ReportFull ReportSeries Report,60,52,72,41.94,41,50,45.05,29,27,51.79,3,0,100,2.6,2.83,47.88,21,41,33.87,14,15,48.28,10,8,55.56,2,0,100,20,100,7,26,21.21,4,10,28.57,1,0,100,25,100,29,28,50.88,14,9,60.87,0,0,-,0,100,10.34,100,1.103,0
"2020-08-06 - Capitals 1, Flyers 3",Philadelphia Flyers,Limited ReportFull Report,60,41,36,53.25,31,28,52.54,21,17,55.26,3,1,75,2.67,1.45,64.82,22,16,57.89,9,5,64.29,8,1,88.89,3,1,75,37.5,0,13,11,54.17,6,6,50,0,0,-,0,100,18,20,47.37,6,10,37.5,0,0,-,0,100,14.29,94.12,1.084,0
"2020-08-06 - Capitals 1, Flyers 3",Washington Capitals,Limited ReportFull Report,60,36,41,46.75,28,31,47.46,17,21,44.74,1,3,25,1.45,2.67,35.18,16,22,42.11,5,9,35.71,1,8,11.11,1,3,25,100,62.5,11,13,45.83,6,6,50,0,0,-,0,100,20,18,52.63,10,6,62.5,0,0,-,0,100,5.88,85.71,0.916,0
"2020-08-06 - Flames 4, Jets 0",Calgary Flames,Limited ReportFull ReportSeries Report,60,61,64,48.8,43,43,50,34,31,52.31,4,0,100,4.27,2.12,66.77,28,28,50,13,7,65,9,4,69.23,1,0,100,11.11,100,15,21,41.67,6,11,35.29,2,0,100,33.33,100,27,31,46.55,16,14,53.33,0,0,-,0,100,11.76,100,1.118,0
"2020-08-06 - Flames 4, Jets 0",Winnipeg Jets,Limited ReportFull ReportSeries Report,60,64,61,51.2,43,43,50,31,34,47.69,0,4,0,2.12,4.27,33.23,28,28,50,7,13,35,4,9,30.77,0,1,0,0,88.89,21,15,58.33,11,6,64.71,0,2,0,0,66.67,31,27,53.45,14,16,46.67,0,0,-,0,100,0,88.24,0.882,0
"2020-08-06 - Golden Knights 6, Blues 4",St Louis Blues,Limited ReportFull Report,60,28,71,28.28,21,51,29.17,17,38,30.91,4,6,40,1.34,3.93,25.38,14,30,31.82,8,16,33.33,5,11,31.25,3,3,50,60,72.73,6,14,30,4,5,44.44,1,1,50,25,80,11,37,22.92,6,19,24,0,2,0,0,89.47,23.53,84.21,1.077,0
"2020-08-06 - Golden Knights 6, Blues 4",Vegas Golden Knights,Limited ReportFull Report,60,71,28,71.72,51,21,70.83,38,17,69.09,6,4,60,3.93,1.34,74.62,30,14,68.18,16,8,66.67,11,5,68.75,3,3,50,27.27,40,14,6,70,5,4,55.56,1,1,50,20,75,37,11,77.08,19,6,76,2,0,100,10.53,100,15.79,76.47,0.923,0
"2020-08-06 - Maple Leafs 3, Blue Jackets 4",Columbus Blue Jackets,Limited ReportFull ReportSeries Report,78.4,82,78,51.25,58,58,50,43,36,54.43,4,3,57.14,2.45,2.96,45.32,39,43,47.56,14,17,45.16,10,13,43.48,1,1,50,10,92.31,25,26,49.02,7,6,53.85,1,1,50,14.29,83.33,40,31,56.34,25,16,60.98,2,1,66.67,8,93.75,9.3,91.67,1.01,0
"2020-08-06 - Maple Leafs 3, Blue Jackets 4",Toronto Maple Leafs,Limited ReportFull ReportSeries Report,78.4,78,82,48.75,58,58,50,36,43,45.57,3,4,42.86,2.96,2.45,54.68,43,39,52.44,17,14,54.84,13,10,56.52,1,1,50,7.69,90,26,25,50.98,6,7,46.15,1,1,50,16.67,85.71,31,40,43.66,16,25,39.02,1,2,33.33,6.25,92,8.33,90.7,0.99,0
"2020-08-07 - Canucks 5, Wild 4",Minnesota Wild,Limited ReportFull ReportSeries Report,60.183333333333,49,62,44.14,38,43,46.91,29,31,48.33,4,5,44.44,2.63,2.63,49.98,19,21,47.5,9,13,40.91,7,10,41.18,2,2,50,28.57,80,10,8,55.56,2,3,40,0,0,-,0,100,28,35,44.44,18,17,51.43,2,3,40,11.11,82.35,13.79,83.87,0.977,0
"2020-08-07 - Canucks 5, Wild 4",Vancouver Canucks,Limited ReportFull ReportSeries Report,60.183333333333,62,49,55.86,43,38,53.09,31,29,51.67,5,4,55.56,2.63,2.63,50.02,21,19,52.5,13,9,59.09,10,7,58.82,2,2,50,20,71.43,8,10,44.44,3,2,60,0,0,-,0,100,35,28,55.56,17,18,48.57,3,2,60,17.65,88.89,16.13,86.21,1.023,0
"2020-08-07 - Islanders 5, Panthers 1",Florida Panthers,Limited ReportFull ReportSeries Report,60,70,60,53.85,39,48,44.83,25,38,39.68,1,5,16.67,2.56,4.19,37.96,41,30,57.75,14,13,51.85,7,9,43.75,0,2,0,0,77.78,27,17,61.36,8,10,44.44,0,1,0,0,90,24,24,50,9,16,36,1,2,33.33,11.11,87.5,4,86.84,0.908,0
"2020-08-07 - Islanders 5, Panthers 1",New York Islanders,Limited ReportFull ReportSeries Report,60,60,70,46.15,48,39,55.17,38,25,60.32,5,1,83.33,4.19,2.56,62.04,30,41,42.25,13,14,48.15,9,7,56.25,2,0,100,22.22,100,17,27,38.64,10,8,55.56,1,0,100,10,100,24,24,50,16,9,64,2,1,66.67,12.5,88.89,13.16,96,1.092,0
"2020-08-07 - Maple Leafs 4, Blue Jackets 3",Columbus Blue Jackets,Limited ReportFull ReportSeries Report,73.166666666667,74,83,47.13,59,63,48.36,39,53,42.39,3,4,42.86,4.06,2.96,57.77,33,38,46.48,5,8,38.46,5,8,38.46,1,1,50,20,87.5,28,30,48.28,12,17,41.38,1,3,25,8.33,82.35,38,41,48.1,20,25,44.44,1,0,100,5,100,7.69,92.45,1.001,0
"2020-08-07 - Maple Leafs 4, Blue Jackets 3",Toronto Maple Leafs,Limited ReportFull ReportSeries Report,73.166666666667,83,74,52.87,63,59,51.64,53,39,57.61,4,3,57.14,2.96,4.06,42.23,38,33,53.52,8,5,61.54,8,5,61.54,1,1,50,12.5,80,30,28,51.72,17,12,58.62,3,1,75,17.65,91.67,41,38,51.9,25,20,55.56,0,1,0,0,95,7.55,92.31,0.999,0
"2020-08-07 - Oilers 2, Blackhawks 3",Chicago Blackhawks,Limited ReportFull ReportSeries Report,60,47,73,39.17,37,52,41.57,29,45,39.19,3,2,60,2.36,4.49,34.42,25,45,35.71,13,23,36.11,11,18,37.93,2,1,66.67,18.18,94.44,12,22,35.29,8,10,44.44,1,1,50,12.5,90,18,26,40.91,8,17,32,0,0,-,0,100,10.34,95.56,1.059,0
"2020-08-07 - Oilers 2, Blackhawks 3",Edmonton Oilers,Limited ReportFull ReportSeries Report,60,73,47,60.83,52,37,58.43,45,29,60.81,2,3,40,4.49,2.36,65.58,45,25,64.29,23,13,63.89,18,11,62.07,1,2,33.33,5.56,81.82,22,12,64.71,10,8,55.56,1,1,50,10,87.5,26,18,59.09,17,8,68,0,0,-,0,100,4.44,89.66,0.941,0
"2020-08-07 - Penguins 0, Canadiens 2",Montreal Canadiens,Limited ReportFull ReportSeries Report,60,55,47,53.92,37,31,54.41,22,22,50,2,0,100,2.29,1.31,63.69,16,13,55.17,7,3,70,3,3,50,1,0,100,33.33,100,9,10,47.37,2,5,28.57,0,0,-,0,100,25,32,43.86,12,14,46.15,0,0,-,0,100,9.09,100,1.091,0
"2020-08-07 - Penguins 0, Canadiens 2",Pittsburgh Penguins,Limited ReportFull ReportSeries Report,60,47,55,46.08,31,37,45.59,22,22,50,0,2,0,1.31,2.29,36.31,13,16,44.83,3,7,30,3,3,50,0,1,0,0,66.67,10,9,52.63,5,2,71.43,0,0,-,0,100,32,25,56.14,14,12,53.85,0,0,-,0,100,0,90.91,0.909,0
"2020-08-07 - Predators 3, Coyotes 4",Arizona Coyotes,Limited ReportFull ReportSeries Report,65.45,66,87,43.14,44,67,39.64,34,52,39.53,4,3,57.14,2.02,3.11,39.36,32,31,50.79,11,16,40.74,7,11,38.89,1,2,33.33,14.29,81.82,21,15,58.33,12,7,63.16,2,0,100,16.67,100,33,53,38.37,15,32,31.91,1,1,50,6.67,96.88,11.76,94.23,1.06,0
"2020-08-07 - Predators 3, Coyotes 4",Nashville Predators,Limited ReportFull ReportSeries Report,65.45,87,66,56.86,67,44,60.36,52,34,60.47,3,4,42.86,3.11,2.02,60.64,31,32,49.21,16,11,59.26,11,7,61.11,2,1,66.67,18.18,85.71,15,21,41.67,7,12,36.84,0,2,0,0,83.33,53,33,61.63,32,15,68.09,1,1,50,3.13,93.33,5.77,88.24,0.94,0
"2020-08-08 - Flyers 4, Lightning 1",Philadelphia Flyers,Limited ReportFull Report,60,47,62,43.12,35,38,47.95,30,24,55.56,4,1,80,3.3,2.07,61.49,21,27,43.75,11,4,73.33,9,3,75,3,1,75,33.33,66.67,10,23,30.3,8,8,50,1,0,100,12.5,100,21,29,42,9,11,45,0,0,-,0,100,13.33,95.83,1.092,0
"2020-08-08 - Flyers 4, Lightning 1",Tampa Bay Lightning,Limited ReportFull Report,60,62,47,56.88,38,35,52.05,24,30,44.44,1,4,20,2.07,3.3,38.51,27,21,56.25,4,11,26.67,3,9,25,1,3,25,33.33,66.67,23,10,69.7,8,8,50,0,1,0,0,87.5,29,21,58,11,9,55,0,0,-,0,100,4.17,86.67,0.908,0
"2020-08-08 - Golden Knights 4, Avalanche 3",Colorado Avalanche,Limited ReportFull Report,64.733333333333,65,49,57.02,42,36,53.85,35,26,57.38,3,4,42.86,3.68,2.04,64.33,36,23,61.02,15,11,57.69,14,8,63.64,3,3,50,21.43,62.5,21,12,63.64,10,8,55.56,0,1,0,0,87.5,24,23,51.06,9,8,52.94,0,0,-,0,100,8.57,84.62,0.932,0
"2020-08-08 - Golden Knights 4, Avalanche 3",Vegas Golden Knights,Limited ReportFull Report,64.733333333333,49,65,42.98,36,42,46.15,26,35,42.62,4,3,57.14,2.04,3.68,35.67,23,36,38.98,11,15,42.31,8,14,36.36,3,3,50,37.5,78.57,12,21,36.36,8,10,44.44,1,0,100,12.5,100,23,24,48.94,8,9,47.06,0,0,-,0,100,15.38,91.43,1.068,0
"2020-08-09 - Blue Jackets 3, Maple Leafs 0",Columbus Blue Jackets,Limited ReportFull ReportSeries Report,60,45,57,44.12,29,43,40.28,22,33,40,3,0,100,2.43,1.88,56.45,24,26,48,9,9,50,6,4,60,1,0,100,16.67,100,15,17,46.88,6,7,46.15,0,0,-,0,100,15,28,34.88,8,20,28.57,2,0,100,25,100,13.64,100,1.136,0
"2020-08-09 - Blue Jackets 3, Maple Leafs 0",Toronto Maple Leafs,Limited ReportFull ReportSeries Report,60,57,45,55.88,43,29,59.72,33,22,60,0,3,0,1.88,2.43,43.55,26,24,52,9,9,50,4,6,40,0,1,0,0,83.33,17,15,53.13,7,6,53.85,0,0,-,0,100,28,15,65.12,20,8,71.43,0,2,0,0,75,0,86.36,0.864,0
"2020-08-09 - Bruins 1, Capitals 2",Boston Bruins,Limited ReportFull Report,60,68,51,57.14,47,37,55.95,31,25,55.36,1,2,33.33,2.56,2.19,53.88,36,25,59.02,14,5,73.68,11,4,73.33,1,1,50,9.09,75,22,20,52.38,5,8,38.46,0,1,0,0,87.5,26,22,54.17,10,12,45.45,0,0,-,0,100,3.23,92,0.952,0
"2020-08-09 - Bruins 1, Capitals 2",Washington Capitals,Limited ReportFull Report,60,51,68,42.86,37,47,44.05,25,31,44.64,2,1,66.67,2.19,2.56,46.12,25,36,40.98,5,14,26.32,4,11,26.67,1,1,50,25,90.91,20,22,47.62,8,5,61.54,1,0,100,12.5,100,22,26,45.83,12,10,54.55,0,0,-,0,100,8,96.77,1.048,0
"2020-08-11 - Blackhawks 1, Golden Knights 4",Chicago Blackhawks,Limited ReportFull ReportSeries Report,60,50,58,46.3,32,46,41.03,20,34,37.04,1,4,20,2.17,2.29,48.68,27,21,56.25,9,10,47.37,7,8,46.67,1,2,33.33,14.29,75,18,11,62.07,6,5,54.55,0,0,-,0,100,19,32,37.25,6,18,25,0,2,0,0,88.89,5,88.24,0.932,0
"2020-08-11 - Blackhawks 1, Golden Knights 4",Vegas Golden Knights,Limited ReportFull ReportSeries Report,60,58,50,53.7,46,32,58.97,34,20,62.96,4,1,80,2.29,2.17,51.32,21,27,43.75,10,9,52.63,8,7,53.33,2,1,66.67,25,85.71,11,18,37.93,5,6,45.45,0,0,-,0,100,32,19,62.75,18,6,75,2,0,100,11.11,100,11.76,95,1.068,0
"2020-08-11 - Blue Jackets 2, Lightning 3",Columbus Blue Jackets,Limited ReportFull ReportSeries Report,150.45,111,188,37.12,81,126,39.13,63,88,41.72,2,3,40,3.57,7.03,33.66,43,88,32.82,12,26,31.58,11,19,36.67,1,2,33.33,9.09,89.47,31,62,33.33,15,23,39.47,0,1,0,0,95.65,60,92,39.47,31,44,41.33,1,0,100,3.23,100,3.17,96.59,0.998,0
"2020-08-11 - Blue Jackets 2, Lightning 3",Tampa Bay Lightning,Limited ReportFull ReportSeries Report,150.45,188,111,62.88,126,81,60.87,88,63,58.28,3,2,60,7.03,3.57,66.34,88,43,67.18,26,12,68.42,19,11,63.33,2,1,66.67,10.53,90.91,62,31,66.67,23,15,60.53,1,0,100,4.35,100,92,60,60.53,44,31,58.67,0,1,0,0,96.77,3.41,96.83,1.002,0
"2020-08-11 - Flames 3, Stars 2",Calgary Flames,Limited ReportFull ReportSeries Report,60,53,56,48.62,40,38,51.28,26,26,50,3,2,60,2.79,1.13,71.2,23,13,63.89,7,3,70,6,3,66.67,1,0,100,16.67,100,16,10,61.54,6,2,75,1,0,100,16.67,100,24,39,38.1,13,19,40.63,1,2,33.33,7.69,89.47,11.54,92.31,1.038,0
"2020-08-11 - Flames 3, Stars 2",Dallas Stars,Limited ReportFull ReportSeries Report,60,56,53,51.38,38,40,48.72,26,26,50,2,3,40,1.13,2.79,28.8,13,23,36.11,3,7,30,3,6,33.33,0,1,0,0,83.33,10,16,38.46,2,6,25,0,1,0,0,83.33,39,24,61.9,19,13,59.38,2,1,66.67,10.53,92.31,7.69,88.46,0.962,0
"2020-08-12 - Canadiens 1, Flyers 2",Montreal Canadiens,Limited ReportFull ReportSeries Report,60,65,58,52.85,51,41,55.43,28,31,47.46,1,2,33.33,3.15,2.28,58,33,29,53.23,17,10,62.96,13,7,65,1,1,50,7.69,85.71,16,19,45.71,2,10,16.67,0,1,0,0,90,28,25,52.83,12,11,52.17,0,0,-,0,100,3.57,93.55,0.971,0
"2020-08-12 - Canadiens 1, Flyers 2",Philadelphia Flyers,Limited ReportFull ReportSeries Report,60,58,65,47.15,41,51,44.57,31,28,52.54,2,1,66.67,2.28,3.15,42,29,33,46.77,10,17,37.04,7,13,35,1,1,50,14.29,92.31,19,16,54.29,10,2,83.33,1,0,100,10,100,25,28,47.17,11,12,47.83,0,0,-,0,100,6.45,96.43,1.029,0
"2020-08-12 - Canucks 5, Blues 2",St Louis Blues,Limited ReportFull ReportSeries Report,60,62,49,55.86,44,37,54.32,31,22,58.49,2,5,28.57,2.41,2.5,49.01,21,22,48.84,10,9,52.63,4,5,44.44,1,1,50,25,80,11,13,45.83,6,4,60,1,2,33.33,16.67,50,37,22,62.71,21,12,63.64,0,2,0,0,83.33,6.45,77.27,0.837,0
"2020-08-12 - Canucks 5, Blues 2",Vancouver Canucks,Limited ReportFull ReportSeries Report,60,49,62,44.14,37,44,45.68,22,31,41.51,5,2,71.43,2.5,2.41,50.99,22,21,51.16,9,10,47.37,5,4,55.56,1,1,50,20,75,13,11,54.17,4,6,40,2,1,66.67,50,83.33,22,37,37.29,12,21,36.36,2,0,100,16.67,100,22.73,93.55,1.163,0
"2020-08-12 - Coyotes 0, Avalanche 3",Arizona Coyotes,Limited ReportFull ReportSeries Report,60,47,69,40.52,26,47,35.62,14,40,25.93,0,3,0,1.11,2.1,34.68,17,33,34,3,8,27.27,0,6,0,0,3,0,-,50,14,25,35.9,4,14,22.22,0,0,-,0,100,29,33,46.77,10,18,35.71,0,0,-,0,100,0,92.5,0.925,0
"2020-08-12 - Coyotes 0, Avalanche 3",Colorado Avalanche,Limited ReportFull ReportSeries Report,60,69,47,59.48,47,26,64.38,40,14,74.07,3,0,100,2.1,1.11,65.32,33,17,66,8,3,72.73,6,0,100,3,0,100,50,-,25,14,64.1,14,4,77.78,0,0,-,0,100,33,29,53.23,18,10,64.29,0,0,-,0,100,7.5,100,1.075,0
"2020-08-12 - Hurricanes 3, Bruins 4",Boston Bruins,Limited ReportFull ReportSeries Report,81.216666666667,86,74,53.75,58,44,56.86,40,28,58.82,4,3,57.14,2.92,2.52,53.74,48,37,56.47,15,13,53.57,7,7,50,3,1,75,42.86,85.71,33,24,57.89,14,6,70,1,1,50,7.14,83.33,32,32,50,16,12,57.14,0,1,0,0,91.67,10,89.29,0.993,0
"2020-08-12 - Hurricanes 3, Bruins 4",Carolina Hurricanes,Limited ReportFull ReportSeries Report,81.216666666667,74,86,46.25,44,58,43.14,28,40,41.18,3,4,42.86,2.52,2.92,46.26,37,48,43.53,13,15,46.43,7,7,50,1,3,25,14.29,57.14,24,33,42.11,6,14,30,1,1,50,16.67,92.86,32,32,50,12,16,42.86,1,0,100,8.33,100,10.71,90,1.007,0
"2020-08-12 - Islanders 4, Capitals 2",New York Islanders,Limited ReportFull ReportSeries Report,60,47,54,46.53,34,38,47.22,27,26,50.94,4,2,66.67,2.61,3.24,44.58,26,21,55.32,10,10,50,9,8,52.94,2,2,50,22.22,75,16,11,59.26,9,6,60,2,0,100,22.22,100,16,27,37.21,8,10,44.44,0,0,-,0,100,14.81,92.31,1.071,0
"2020-08-12 - Islanders 4, Capitals 2",Washington Capitals,Limited ReportFull ReportSeries Report,60,54,47,53.47,38,34,52.78,26,27,49.06,2,4,33.33,3.24,2.61,55.42,21,26,44.68,10,10,50,8,9,47.06,2,2,50,25,77.78,11,16,40.74,6,9,40,0,2,0,0,77.78,27,16,62.79,10,8,55.56,0,0,-,0,100,7.69,85.19,0.929,0
"2020-08-13 - Blackhawks 3, Golden Knights 4",Chicago Blackhawks,Limited ReportFull ReportSeries Report,67.216666666667,59,74,44.36,32,54,37.21,25,39,39.06,3,4,42.86,1.86,3.18,36.9,28,43,39.44,9,15,37.5,7,8,46.67,2,3,40,28.57,62.5,19,28,40.43,5,13,27.78,1,1,50,20,92.31,27,28,49.09,12,15,44.44,0,0,-,0,100,12,89.74,1.017,0
"2020-08-13 - Blackhawks 3, Golden Knights 4",Vegas Golden Knights,Limited ReportFull ReportSeries Report,67.216666666667,74,59,55.64,54,32,62.79,39,25,60.94,4,3,57.14,3.18,1.86,63.1,43,28,60.56,15,9,62.5,8,7,53.33,3,2,60,37.5,71.43,28,19,59.57,13,5,72.22,1,1,50,7.69,80,28,27,50.91,15,12,55.56,0,0,-,0,100,10.26,88,0.983,0
"2020-08-13 - Blue Jackets 3, Lightning 1",Columbus Blue Jackets,Limited ReportFull ReportSeries Report,60,46,69,40,32,48,40,22,37,37.29,3,1,75,2.04,2.39,46.05,22,34,39.29,9,11,45,6,9,40,3,1,75,50,88.89,13,23,36.11,7,8,46.67,0,0,-,0,100,21,34,38.18,8,20,28.57,0,0,-,0,100,13.64,97.3,1.109,0
"2020-08-13 - Blue Jackets 3, Lightning 1",Tampa Bay Lightning,Limited ReportFull ReportSeries Report,60,69,46,60,48,32,60,37,22,62.71,1,3,25,2.39,2.04,53.95,34,22,60.71,11,9,55,9,6,60,1,3,25,11.11,50,23,13,63.89,8,7,53.33,0,0,-,0,100,34,21,61.82,20,8,71.43,0,0,-,0,100,2.7,86.36,0.891,0
"2020-08-13 - Flames 4, Stars 5",Calgary Flames,Limited ReportFull ReportSeries Report,60,50,57,46.73,33,47,41.25,26,36,41.94,4,5,44.44,1.96,2.79,41.24,15,25,37.5,6,11,35.29,6,7,46.15,3,2,60,50,71.43,9,14,39.13,3,10,23.08,0,2,0,0,80,29,27,51.79,16,16,50,1,1,50,6.25,93.75,15.38,86.11,1.015,0
"2020-08-13 - Flames 4, Stars 5",Dallas Stars,Limited ReportFull ReportSeries Report,60,57,50,53.27,47,33,58.75,36,26,58.06,5,4,55.56,2.79,1.96,58.76,25,15,62.5,11,6,64.71,7,6,53.85,2,3,40,28.57,50,14,9,60.87,10,3,76.92,2,0,100,20,100,27,29,48.21,16,16,50,1,1,50,6.25,93.75,13.89,84.62,0.985,0
"2020-08-13 - Hurricanes 3, Bruins 2",Boston Bruins,Limited ReportFull ReportSeries Report,60,68,58,53.97,50,43,53.76,35,26,57.38,2,3,40,2.27,2.04,52.68,20,25,44.44,8,7,53.33,6,3,66.67,1,0,100,16.67,100,12,18,40,3,8,27.27,0,2,0,0,75,43,25,63.24,25,14,64.1,1,1,50,4,92.86,5.71,88.46,0.942,0
"2020-08-13 - Hurricanes 3, Bruins 2",Carolina Hurricanes,Limited ReportFull ReportSeries Report,60,58,68,46.03,43,50,46.24,26,35,42.62,3,2,60,2.04,2.27,47.32,25,20,55.56,7,8,46.67,3,6,33.33,0,1,0,0,83.33,18,12,60,8,3,72.73,2,0,100,25,100,25,43,36.76,14,25,35.9,1,1,50,7.14,96,11.54,94.29,1.058,0
"2020-08-14 - Canadiens 5, Flyers 0",Montreal Canadiens,Limited ReportFull ReportSeries Report,60,70,65,51.85,45,54,45.45,32,30,51.61,5,0,100,2.99,3.23,48.06,39,29,57.35,16,10,61.54,8,3,72.73,2,0,100,25,100,23,19,54.76,9,11,45,1,0,100,11.11,100,28,33,45.9,12,16,42.86,2,0,100,16.67,100,15.63,100,1.156,0
"2020-08-14 - Canadiens 5, Flyers 0",Philadelphia Flyers,Limited ReportFull ReportSeries Report,60,65,70,48.15,54,45,54.55,30,32,48.39,0,5,0,3.23,2.99,51.94,29,39,42.65,10,16,38.46,3,8,27.27,0,2,0,0,75,19,23,45.24,11,9,55,0,1,0,0,88.89,33,28,54.1,16,12,57.14,0,2,0,0,83.33,0,84.38,0.844,0
"2020-08-14 - Canucks 4, Blues 3",St Louis Blues,Limited ReportFull ReportSeries Report,65.916666666667,72,45,61.54,47,32,59.49,37,25,59.68,3,4,42.86,2.4,2.69,47.15,28,23,54.9,11,14,44,10,13,43.48,2,4,33.33,20,69.23,17,9,65.38,9,2,81.82,1,0,100,11.11,100,36,19,65.45,17,8,68,0,0,-,0,100,8.11,84,0.921,0
"2020-08-14 - Canucks 4, Blues 3",Vancouver Canucks,Limited ReportFull ReportSeries Report,65.916666666667,45,72,38.46,32,47,40.51,25,37,40.32,4,3,57.14,2.69,2.4,52.85,23,28,45.1,14,11,56,13,10,56.52,4,2,66.67,30.77,80,9,17,34.62,2,9,18.18,0,1,0,0,88.89,19,36,34.55,8,17,32,0,0,-,0,100,16,91.89,1.079,0
"2020-08-14 - Coyotes 2, Avalanche 3",Arizona Coyotes,Limited ReportFull ReportSeries Report,60,58,55,51.33,43,40,51.81,33,28,54.1,2,3,40,2.42,2.88,45.66,24,20,54.55,11,7,61.11,8,6,57.14,1,2,33.33,12.5,66.67,13,13,50,5,7,41.67,1,1,50,20,85.71,33,32,50.77,20,14,58.82,0,0,-,0,100,6.06,89.29,0.953,0
"2020-08-14 - Coyotes 2, Avalanche 3",Colorado Avalanche,Limited ReportFull ReportSeries Report,60,55,58,48.67,40,43,48.19,28,33,45.9,3,2,60,2.88,2.42,54.34,20,24,45.45,7,11,38.89,6,8,42.86,2,1,66.67,33.33,87.5,13,13,50,7,5,58.33,1,1,50,14.29,80,32,33,49.23,14,20,41.18,0,0,-,0,100,10.71,93.94,1.047,0
"2020-08-14 - Islanders 5, Capitals 2",New York Islanders,Limited ReportFull ReportSeries Report,60,59,55,51.75,42,37,53.16,32,25,56.14,5,2,71.43,2.58,1.41,64.65,28,27,50.91,15,9,62.5,12,6,66.67,3,2,60,25,66.67,13,18,41.94,4,7,36.36,0,0,-,0,100,25,22,53.19,12,7,63.16,1,0,100,8.33,100,15.63,92,1.076,0
"2020-08-14 - Islanders 5, Capitals 2",Washington Capitals,Limited ReportFull ReportSeries Report,60,55,59,48.25,37,42,46.84,25,32,43.86,2,5,28.57,1.41,2.58,35.35,27,28,49.09,9,15,37.5,6,12,33.33,2,3,40,33.33,75,18,13,58.06,7,4,63.64,0,0,-,0,100,22,25,46.81,7,12,36.84,0,1,0,0,91.67,8,84.38,0.924,0
"2020-08-14 - Stars 0, Flames 2",Calgary Flames,Limited ReportFull ReportSeries Report,60,37,76,32.74,28,54,34.15,23,35,39.66,2,0,100,1.52,3.06,33.17,13,37,26,6,10,37.5,6,7,46.15,1,0,100,16.67,100,7,27,20.59,3,10,23.08,0,0,-,0,100,21,35,37.5,12,16,42.86,1,0,100,8.33,100,8.7,100,1.087,0
"2020-08-14 - Stars 0, Flames 2",Dallas Stars,Limited ReportFull ReportSeries Report,60,76,37,67.26,54,28,65.85,35,23,60.34,0,2,0,3.06,1.52,66.83,37,13,74,10,6,62.5,7,6,53.85,0,1,0,0,83.33,27,7,79.41,10,3,76.92,0,0,-,0,100,35,21,62.5,16,12,57.14,0,1,0,0,91.67,0,91.3,0.913,0
"2020-08-15 - Avalanche 2, Coyotes 4",Arizona Coyotes,Limited ReportFull ReportSeries Report,60,39,92,29.77,31,65,32.29,23,51,31.08,4,2,66.67,3.36,3.28,50.59,24,39,38.1,13,16,44.83,8,10,44.44,2,0,100,25,100,11,23,32.35,6,12,33.33,1,2,33.33,16.67,83.33,13,46,22.03,8,27,22.86,1,0,100,12.5,100,17.39,96.08,1.135,0
"2020-08-15 - Avalanche 2, Coyotes 4",Colorado Avalanche,Limited ReportFull ReportSeries Report,60,92,39,70.23,65,31,67.71,51,23,68.92,2,4,33.33,3.28,3.36,49.41,39,24,61.9,16,13,55.17,10,8,55.56,0,2,0,0,75,23,11,67.65,12,6,66.67,2,1,66.67,16.67,83.33,46,13,77.97,27,8,77.14,0,1,0,0,87.5,3.92,82.61,0.865,0
"2020-08-15 - Bruins 3, Hurricanes 1",Boston Bruins,Limited ReportFull ReportSeries Report,60,69,50,57.98,50,41,54.95,39,30,56.52,3,1,75,4.09,1.75,70.02,36,17,67.92,13,4,76.47,11,4,73.33,3,1,75,27.27,75,23,13,63.89,11,7,61.11,0,0,-,0,100,29,29,50,14,15,48.28,0,0,-,0,100,7.69,96.67,1.044,0
"2020-08-15 - Bruins 3, Hurricanes 1",Carolina Hurricanes,Limited ReportFull ReportSeries Report,60,50,69,42.02,41,50,45.05,30,39,43.48,1,3,25,1.75,4.09,29.98,17,36,32.08,4,13,23.53,4,11,26.67,1,3,25,25,72.73,13,23,36.11,7,11,38.89,0,0,-,0,100,29,29,50,15,14,51.72,0,0,-,0,100,3.33,92.31,0.956,0
"2020-08-15 - Golden Knights 2, Blackhawks 1",Chicago Blackhawks,Limited ReportFull ReportSeries Report,60,52,62,45.61,37,45,45.12,27,26,50.94,1,2,33.33,2.08,4.51,31.59,23,26,46.94,10,11,47.62,7,9,43.75,0,2,0,0,77.78,13,15,46.43,10,7,58.82,1,0,100,10,100,24,30,44.44,8,9,47.06,0,0,-,0,100,3.7,92.31,0.96,0
"2020-08-15 - Golden Knights 2, Blackhawks 1",Vegas Golden Knights,Limited ReportFull ReportSeries Report,60,62,52,54.39,45,37,54.88,26,27,49.06,2,1,66.67,4.51,2.08,68.41,26,23,53.06,11,10,52.38,9,7,56.25,2,0,100,22.22,100,15,13,53.57,7,10,41.18,0,1,0,0,90,30,24,55.56,9,8,52.94,0,0,-,0,100,7.69,96.3,1.04,0
"2020-08-15 - Lightning 3, Blue Jackets 2",Columbus Blue Jackets,Limited ReportFull ReportSeries Report,60,34,74,31.48,25,50,33.33,17,34,33.33,2,3,40,2.1,3.36,38.45,16,21,43.24,5,13,27.78,2,8,20,1,1,50,50,87.5,11,8,57.89,7,3,70,1,0,100,14.29,100,15,47,24.19,6,20,23.08,0,2,0,0,90,11.76,91.18,1.029,0
"2020-08-15 - Lightning 3, Blue Jackets 2",Tampa Bay Lightning,Limited ReportFull ReportSeries Report,60,74,34,68.52,50,25,66.67,34,17,66.67,3,2,60,3.36,2.1,61.55,21,16,56.76,13,5,72.22,8,2,80,1,1,50,12.5,50,8,11,42.11,3,7,30,0,1,0,0,85.71,47,15,75.81,20,6,76.92,2,0,100,10,100,8.82,88.24,0.971,0
"2020-08-16 - Blues 3, Canucks 2",St Louis Blues,Limited ReportFull ReportSeries Report,75.1,94,63,59.87,64,51,55.65,49,41,54.44,3,2,60,3.73,2.06,64.41,50,26,65.79,20,9,68.97,12,7,63.16,2,2,50,16.67,71.43,30,17,63.83,11,11,50,0,0,-,0,100,40,32,55.56,25,21,54.35,1,0,100,4,100,6.12,95.12,1.012,0
"2020-08-16 - Blues 3, Canucks 2",Vancouver Canucks,Limited ReportFull ReportSeries Report,75.1,63,94,40.13,51,64,44.35,41,49,45.56,2,3,40,2.06,3.73,35.59,26,50,34.21,9,20,31.03,7,12,36.84,2,2,50,28.57,83.33,17,30,36.17,11,11,50,0,0,-,0,100,32,40,44.44,21,25,45.65,0,1,0,0,96,4.88,93.88,0.988,0
"2020-08-16 - Capitals 1, Islanders 2",New York Islanders,Limited ReportFull ReportSeries Report,64.466666666667,69,55,55.65,50,36,58.14,34,23,59.65,2,1,66.67,3.23,1.65,66.2,35,25,58.33,16,6,72.73,11,6,64.71,2,0,100,18.18,100,19,19,50,6,6,50,0,1,0,0,83.33,28,29,49.12,12,10,54.55,0,0,-,0,100,5.88,95.65,1.015,0
"2020-08-16 - Capitals 1, Islanders 2",Washington Capitals,Limited ReportFull ReportSeries Report,64.466666666667,55,69,44.35,36,50,41.86,23,34,40.35,1,2,33.33,1.65,3.23,33.8,25,35,41.67,6,16,27.27,6,11,35.29,0,2,0,0,81.82,19,19,50,6,6,50,1,0,100,16.67,100,29,28,50.88,10,12,45.45,0,0,-,0,100,4.35,94.12,0.985,0
"2020-08-16 - Flyers 1, Canadiens 0",Montreal Canadiens,Limited ReportFull ReportSeries Report,60,61,46,57.01,37,36,50.68,23,20,53.49,0,1,0,1.54,1.76,46.68,18,22,45,4,8,33.33,2,4,33.33,0,1,0,0,75,14,14,50,3,7,30,0,0,-,0,100,38,23,62.3,15,9,62.5,0,0,-,0,100,0,95,0.95,0
"2020-08-16 - Flyers 1, Canadiens 0",Philadelphia Flyers,Limited ReportFull ReportSeries Report,60,46,61,42.99,36,37,49.32,20,23,46.51,1,0,100,1.76,1.54,53.32,22,18,55,8,4,66.67,4,2,66.67,1,0,100,25,100,14,14,50,7,3,70,0,0,-,0,100,23,38,37.7,9,15,37.5,0,0,-,0,100,5,100,1.05,0
"2020-08-16 - Golden Knights 1, Blackhawks 3",Chicago Blackhawks,Limited ReportFull ReportSeries Report,60,45,96,31.91,33,64,34.02,25,49,33.78,3,1,75,2.36,3.71,38.89,14,43,24.56,5,16,23.81,5,11,31.25,2,0,100,40,100,9,27,25,5,13,27.78,0,0,-,0,100,25,46,35.21,12,23,34.29,1,1,50,8.33,95.65,12,97.96,1.1,0
"2020-08-16 - Golden Knights 1, Blackhawks 3",Vegas Golden Knights,Limited ReportFull ReportSeries Report,60,96,45,68.09,64,33,65.98,49,25,66.22,1,3,25,3.71,2.36,61.11,43,14,75.44,16,5,76.19,11,5,68.75,0,2,0,0,60,27,9,75,13,5,72.22,0,0,-,0,100,46,25,64.79,23,12,65.71,1,1,50,4.35,91.67,2.04,88,0.9,0
"2020-08-16 - Stars 5, Flames 4",Calgary Flames,Limited ReportFull ReportSeries Report,76.083333333333,60,108,35.71,46,82,35.94,40,62,39.22,4,5,44.44,2.9,5.12,36.2,22,56,28.21,11,26,29.73,9,18,33.33,3,3,50,33.33,83.33,11,30,26.83,7,11,38.89,0,1,0,0,90.91,32,49,39.51,21,31,40.38,1,1,50,4.76,96.77,10,91.94,1.019,0
"2020-08-16 - Stars 5, Flames 4",Dallas Stars,Limited ReportFull ReportSeries Report,76.083333333333,108,60,64.29,82,46,64.06,62,40,60.78,5,4,55.56,5.12,2.9,63.8,56,22,71.79,26,11,70.27,18,9,66.67,3,3,50,16.67,66.67,30,11,73.17,11,7,61.11,1,0,100,9.09,100,49,32,60.49,31,21,59.62,1,1,50,3.23,95.24,8.06,90,0.981,0
"2020-08-17 - Avalanche 7, Coyotes 1",Arizona Coyotes,Limited ReportFull ReportSeries Report,60,32,62,34.04,19,45,29.69,15,30,33.33,1,7,12.5,0.89,3.6,19.74,15,30,33.33,4,16,20,3,14,17.65,0,6,0,0,57.14,11,14,44,4,3,57.14,0,1,0,0,66.67,14,25,35.9,6,10,37.5,1,0,100,16.67,100,6.67,76.67,0.833,0
"2020-08-17 - Avalanche 7, Coyotes 1",Colorado Avalanche,Limited ReportFull ReportSeries Report,60,62,32,65.96,45,19,70.31,30,15,66.67,7,1,87.5,3.6,0.89,80.26,30,15,66.67,16,4,80,14,3,82.35,6,0,100,42.86,100,14,11,56,3,4,42.86,1,0,100,33.33,100,25,14,64.1,10,6,62.5,0,1,0,0,83.33,23.33,93.33,1.167,0
"2020-08-17 - Blues 3, Canucks 1",St Louis Blues,Limited ReportFull ReportSeries Report,60,61,49,55.45,48,34,58.54,37,23,61.67,3,1,75,3.64,2,64.48,24,20,54.55,11,8,57.89,7,5,58.33,2,0,100,28.57,100,13,12,52,11,6,64.71,1,1,50,9.09,83.33,30,24,55.56,16,10,61.54,0,0,-,0,100,8.11,95.65,1.038,0
"2020-08-17 - Blues 3, Canucks 1",Vancouver Canucks,Limited ReportFull ReportSeries Report,60,49,61,44.55,34,48,41.46,23,37,38.33,1,3,25,2,3.64,35.52,20,24,45.45,8,11,42.11,5,7,41.67,0,2,0,0,71.43,12,13,48,6,11,35.29,1,1,50,16.67,90.91,24,30,44.44,10,16,38.46,0,0,-,0,100,4.35,91.89,0.962,0
"2020-08-17 - Bruins 4, Hurricanes 3",Boston Bruins,Limited ReportFull ReportSeries Report,60,66,42,61.11,48,27,64,33,19,63.46,4,3,57.14,3.25,1.04,75.66,35,16,68.63,17,7,70.83,10,5,66.67,2,1,66.67,20,80,18,9,66.67,8,2,80,2,1,66.67,25,50,27,22,55.1,13,9,59.09,0,1,0,0,88.89,12.12,84.21,0.963,0
"2020-08-17 - Bruins 4, Hurricanes 3",Carolina Hurricanes,Limited ReportFull ReportSeries Report,60,42,66,38.89,27,48,36,19,33,36.54,3,4,42.86,1.04,3.25,24.34,16,35,31.37,7,17,29.17,5,10,33.33,1,2,33.33,20,80,9,18,33.33,2,8,20,1,2,33.33,50,75,22,27,44.9,9,13,40.91,1,0,100,11.11,100,15.79,87.88,1.037,0
"2020-08-17 - Lightning 2, Blue Jackets 1",Columbus Blue Jackets,Limited ReportFull ReportSeries Report,60,51,51,50,39,33,54.17,29,22,56.86,1,2,33.33,1.61,2.62,38.11,22,20,52.38,7,11,38.89,6,8,42.86,1,2,33.33,16.67,75,15,9,62.5,10,4,71.43,0,0,-,0,100,26,30,46.43,11,10,52.38,0,0,-,0,100,3.45,90.91,0.944,0
"2020-08-17 - Lightning 2, Blue Jackets 1",Tampa Bay Lightning,Limited ReportFull ReportSeries Report,60,51,51,50,33,39,45.83,22,29,43.14,2,1,66.67,2.62,1.61,61.89,20,22,47.62,11,7,61.11,8,6,57.14,2,1,66.67,25,83.33,9,15,37.5,4,10,28.57,0,0,-,0,100,30,26,53.57,10,11,47.62,0,0,-,0,100,9.09,96.55,1.056,0
"2020-08-18 - Blackhawks 3, Golden Knights 4",Chicago Blackhawks,Limited ReportFull ReportSeries Report,60,52,68,43.33,34,49,40.96,26,39,40,3,4,42.86,1.95,3.75,34.25,26,34,43.33,11,16,40.74,9,11,45,3,2,60,33.33,81.82,15,18,45.45,5,10,33.33,0,1,0,0,90,22,28,44,11,17,39.29,0,1,0,0,94.12,11.54,89.74,1.013,0
"2020-08-18 - Blackhawks 3, Golden Knights 4",Vegas Golden Knights,Limited ReportFull ReportSeries Report,60,68,52,56.67,49,34,59.04,39,26,60,4,3,57.14,3.75,1.95,65.75,34,26,56.67,16,11,59.26,11,9,55,2,3,40,18.18,66.67,18,15,54.55,10,5,66.67,1,0,100,10,100,28,22,56,17,11,60.71,1,0,100,5.88,100,10.26,88.46,0.987,0
"2020-08-18 - Capitals 3, Islanders 2",New York Islanders,Limited ReportFull ReportSeries Report,60,53,64,45.3,39,51,43.33,26,29,47.27,2,3,40,2.56,2.9,46.88,22,33,40,11,7,61.11,9,5,64.29,1,1,50,11.11,80,11,26,29.73,7,11,38.89,1,1,50,14.29,90.91,22,28,44,9,13,40.91,0,1,0,0,92.31,7.69,89.66,0.973,0
"2020-08-18 - Capitals 3, Islanders 2",Washington Capitals,Limited ReportFull ReportSeries Report,60,64,53,54.7,51,39,56.67,29,26,52.73,3,2,60,2.9,2.56,53.12,33,22,60,7,11,38.89,5,9,35.71,1,1,50,20,88.89,26,11,70.27,11,7,61.11,1,1,50,9.09,85.71,28,22,56,13,9,59.09,1,0,100,7.69,100,10.34,92.31,1.027,0
"2020-08-18 - Flames 1, Stars 2",Calgary Flames,Limited ReportFull ReportSeries Report,60,68,64,51.52,48,49,49.48,29,32,47.54,1,2,33.33,2.02,2.16,48.25,24,30,44.44,8,10,44.44,5,5,50,0,1,0,0,80,16,20,44.44,8,8,50,1,0,100,12.5,100,36,30,54.55,14,15,48.28,0,1,0,0,93.33,3.45,93.75,0.972,0
"2020-08-18 - Flames 1, Stars 2",Dallas Stars,Limited ReportFull ReportSeries Report,60,64,68,48.48,49,48,50.52,32,29,52.46,2,1,66.67,2.16,2.02,51.75,30,24,55.56,10,8,55.56,5,5,50,1,0,100,20,100,20,16,55.56,8,8,50,0,1,0,0,87.5,30,36,45.45,15,14,51.72,1,0,100,6.67,100,6.25,96.55,1.028,0
"2020-08-18 - Flyers 2, Canadiens 0",Montreal Canadiens,Limited ReportFull ReportSeries Report,60,58,52,52.73,45,39,53.57,29,22,56.86,0,2,0,1.66,1.37,54.86,21,18,53.85,11,4,73.33,4,1,80,0,0,-,0,100,10,14,41.67,5,5,50,0,1,0,0,80,35,33,51.47,18,15,54.55,0,1,0,0,93.33,0,90.91,0.909,0
"2020-08-18 - Flyers 2, Canadiens 0",Philadelphia Flyers,Limited ReportFull ReportSeries Report,60,52,58,47.27,39,45,46.43,22,29,43.14,2,0,100,1.37,1.66,45.14,18,21,46.15,4,11,26.67,1,4,20,0,0,-,0,100,14,10,58.33,5,5,50,1,0,100,20,100,33,35,48.53,15,18,45.45,1,0,100,6.67,100,9.09,100,1.091,0
"2020-08-19 - Blue Jackets 4, Lightning 5",Columbus Blue Jackets,Limited ReportFull ReportSeries Report,65.2,75,49,60.48,57,36,61.29,41,25,62.12,4,5,44.44,4.1,1.54,72.66,36,17,67.92,16,11,59.26,12,10,54.55,3,2,60,25,80,20,6,76.92,9,3,75,1,1,50,11.11,66.67,37,31,54.41,18,12,60,0,2,0,0,83.33,9.76,80,0.898,0
"2020-08-19 - Blue Jackets 4, Lightning 5",Tampa Bay Lightning,Limited ReportFull ReportSeries Report,65.2,49,75,39.52,36,57,38.71,25,41,37.88,5,4,55.56,1.54,4.1,27.34,17,36,32.08,11,16,40.74,10,12,45.45,2,3,40,20,75,6,20,23.08,3,9,25,1,1,50,33.33,88.89,31,37,45.59,12,18,40,2,0,100,16.67,100,20,90.24,1.102,0
"2020-08-19 - Canadiens 5, Flyers 3",Montreal Canadiens,Limited ReportFull ReportSeries Report,60,54,67,44.63,45,44,50.56,33,29,53.23,5,3,62.5,2.94,2.94,50.01,26,38,40.63,9,15,37.5,5,9,35.71,2,1,66.67,40,88.89,17,23,42.5,12,9,57.14,2,1,66.67,16.67,88.89,24,21,53.33,13,6,68.42,0,1,0,0,83.33,15.15,89.66,1.048,0
"2020-08-19 - Canadiens 5, Flyers 3",Philadelphia Flyers,Limited ReportFull ReportSeries Report,60,67,54,55.37,44,45,49.44,29,33,46.77,3,5,37.5,2.94,2.94,49.99,38,26,59.38,15,9,62.5,9,5,64.29,1,2,33.33,11.11,60,23,17,57.5,9,12,42.86,1,2,33.33,11.11,83.33,21,24,46.67,6,13,31.58,1,0,100,16.67,100,10.34,84.85,0.952,0
"2020-08-19 - Canucks 4, Blues 3",St Louis Blues,Limited ReportFull ReportSeries Report,60,61,72,45.86,46,46,50,39,30,56.52,3,4,42.86,2.86,2.97,49.09,26,35,42.62,11,12,47.83,9,6,60,0,3,0,0,50,15,23,39.47,11,8,57.89,2,0,100,18.18,100,31,30,50.82,18,14,56.25,1,1,50,5.56,92.86,7.69,86.67,0.944,0
"2020-08-19 - Canucks 4, Blues 3",Vancouver Canucks,Limited ReportFull ReportSeries Report,60,72,61,54.14,46,46,50,30,39,43.48,4,3,57.14,2.97,2.86,50.91,35,26,57.38,12,11,52.17,6,9,40,3,0,100,50,100,23,15,60.53,8,11,42.11,0,2,0,0,81.82,30,31,49.18,14,18,43.75,1,1,50,7.14,94.44,13.33,92.31,1.056,0
"2020-08-19 - Coyotes 1, Avalanche 7",Arizona Coyotes,Limited ReportFull ReportSeries Report,60,51,58,46.79,32,43,42.67,24,36,40,1,7,12.5,1.63,2.92,35.8,20,36,35.71,10,13,43.48,8,12,40,1,4,20,12.5,66.67,10,23,30.3,6,12,33.33,0,2,0,0,83.33,25,20,55.56,10,10,50,0,1,0,0,90,4.17,80.56,0.847,0
"2020-08-19 - Coyotes 1, Avalanche 7",Colorado Avalanche,Limited ReportFull ReportSeries Report,60,58,51,53.21,43,32,57.33,36,24,60,7,1,87.5,2.92,1.63,64.2,36,20,64.29,13,10,56.52,12,8,60,4,1,80,33.33,87.5,23,10,69.7,12,6,66.67,2,0,100,16.67,100,20,25,44.44,10,10,50,1,0,100,10,100,19.44,95.83,1.153,0
"2020-08-19 - Hurricanes 1, Bruins 2",Boston Bruins,Limited ReportFull ReportSeries Report,60,47,60,43.93,37,43,46.25,27,24,52.94,2,1,66.67,2.46,2.91,45.86,22,38,36.67,9,14,39.13,4,8,33.33,1,0,100,25,100,13,24,35.14,7,6,53.85,1,1,50,14.29,83.33,23,20,53.49,15,8,65.22,0,0,-,0,100,7.41,95.83,1.032,0
"2020-08-19 - Hurricanes 1, Bruins 2",Carolina Hurricanes,Limited ReportFull ReportSeries Report,60,60,47,56.07,43,37,53.75,24,27,47.06,1,2,33.33,2.91,2.46,54.14,38,22,63.33,14,9,60.87,8,4,66.67,0,1,0,0,75,24,13,64.86,6,7,46.15,1,1,50,16.67,85.71,20,23,46.51,8,15,34.78,0,0,-,0,100,4.17,92.59,0.968,0
"2020-08-20 - Islanders 4, Capitals 0",New York Islanders,Limited ReportFull ReportSeries Report,60,32,66,32.65,25,35,41.67,17,21,44.74,4,0,100,2.3,1.37,62.65,16,19,45.71,7,6,53.85,4,3,57.14,1,0,100,25,100,9,13,40.91,5,7,41.67,1,0,100,20,100,12,39,23.53,5,8,38.46,0,0,-,0,100,23.53,100,1.235,0
"2020-08-20 - Islanders 4, Capitals 0",Washington Capitals,Limited ReportFull ReportSeries Report,60,66,32,67.35,35,25,58.33,21,17,55.26,0,4,0,1.37,2.3,37.35,19,16,54.29,6,7,46.15,3,4,42.86,0,1,0,0,75,13,9,59.09,7,5,58.33,0,1,0,0,80,39,12,76.47,8,5,61.54,0,0,-,0,100,0,76.47,0.765,0
"2020-08-20 - Stars 7, Flames 3",Calgary Flames,Limited ReportFull ReportSeries Report,60,80,41,66.12,56,32,63.64,41,24,63.08,3,7,30,3.6,2.42,59.86,41,20,67.21,15,9,62.5,11,5,68.75,0,4,0,0,20,26,11,70.27,11,6,64.71,3,1,75,27.27,83.33,33,17,66,17,10,62.96,0,2,0,0,80,7.32,70.83,0.782,0
"2020-08-20 - Stars 7, Flames 3",Dallas Stars,Limited ReportFull ReportSeries Report,60,41,80,33.88,32,56,36.36,24,41,36.92,7,3,70,2.42,3.6,40.14,20,41,32.79,9,15,37.5,5,11,31.25,4,0,100,80,100,11,26,29.73,6,11,35.29,1,3,25,16.67,72.73,17,33,34,10,17,37.04,2,0,100,20,100,29.17,92.68,1.218,0
"2020-08-21 - Blues 2, Canucks 6",St Louis Blues,Limited ReportFull ReportSeries Report,60,77,46,62.6,49,36,57.65,36,25,59.02,2,6,25,3.45,3.37,50.54,41,26,61.19,17,8,68,11,6,64.71,1,2,33.33,9.09,66.67,24,18,57.14,9,8,52.94,0,2,0,0,75,29,17,63.04,13,8,61.9,1,1,50,7.69,87.5,5.56,76,0.816,0
"2020-08-21 - Blues 2, Canucks 6",Vancouver Canucks,Limited ReportFull ReportSeries Report,60,46,77,37.4,36,49,42.35,25,36,40.98,6,2,75,3.37,3.45,49.46,26,41,38.81,8,17,32,6,11,35.29,2,1,66.67,33.33,90.91,18,24,42.86,8,9,47.06,2,0,100,25,100,17,29,36.96,8,13,38.1,1,1,50,12.5,92.31,24,94.44,1.184,0
"2020-08-21 - Flyers 3, Canadiens 2",Montreal Canadiens,Limited ReportFull ReportSeries Report,60,71,35,66.98,50,26,65.79,33,17,66,2,3,40,2.59,1.34,65.85,27,15,64.29,12,4,75,8,4,66.67,1,1,50,12.5,75,15,11,57.69,6,4,60,0,0,-,0,100,42,18,70,17,8,68,1,2,33.33,5.88,75,6.06,82.35,0.884,0
"2020-08-21 - Flyers 3, Canadiens 2",Philadelphia Flyers,Limited ReportFull ReportSeries Report,60,35,71,33.02,26,50,34.21,17,33,34,3,2,60,1.34,2.59,34.15,15,27,35.71,4,12,25,4,8,33.33,1,1,50,25,87.5,11,15,42.31,4,6,40,0,0,-,0,100,18,42,30,8,17,32,2,1,66.67,25,94.12,17.65,93.94,1.116,0
"2020-08-22 - Stars 5, Avalanche 3",Colorado Avalanche,Limited ReportFull ReportSeries Report,60,57,51,52.78,36,39,48,31,30,50.82,3,5,37.5,2.1,2.11,49.78,25,27,48.08,8,11,42.11,8,8,50,2,3,40,25,62.5,17,16,51.52,7,9,43.75,1,1,50,14.29,88.89,27,19,58.7,13,9,59.09,0,1,0,0,88.89,9.68,83.33,0.93,0
"2020-08-22 - Stars 5, Avalanche 3",Dallas Stars,Limited ReportFull ReportSeries Report,60,51,57,47.22,39,36,52,30,31,49.18,5,3,62.5,2.11,2.1,50.22,27,25,51.92,11,8,57.89,8,8,50,3,2,60,37.5,75,16,17,48.48,9,7,56.25,1,1,50,11.11,85.71,19,27,41.3,9,13,40.91,1,0,100,11.11,100,16.67,90.32,1.07,0
"2020-08-23 - Bruins 3, Lightning 2",Boston Bruins,Limited ReportFull ReportSeries Report,60,63,72,46.67,44,52,45.83,31,37,45.59,3,2,60,2.79,3.23,46.3,31,34,47.69,11,13,45.83,9,12,42.86,2,0,100,22.22,100,20,21,48.78,8,7,53.33,1,1,50,12.5,85.71,26,33,44.07,9,16,36,0,1,0,0,93.75,9.68,94.59,1.043,0
"2020-08-23 - Bruins 3, Lightning 2",Tampa Bay Lightning,Limited ReportFull ReportSeries Report,60,72,63,53.33,52,44,54.17,37,31,54.41,2,3,40,3.23,2.79,53.7,34,31,52.31,13,11,54.17,12,9,57.14,0,2,0,0,77.78,21,20,51.22,7,8,46.67,1,1,50,14.29,87.5,33,26,55.93,16,9,64,1,0,100,6.25,100,5.41,90.32,0.957,0
"2020-08-23 - Canucks 0, Golden Knights 5",Vancouver Canucks,Limited ReportFull ReportSeries Report,60,62,73,45.93,37,52,41.57,26,39,40,0,5,0,1.51,3.49,30.2,28,35,44.44,7,14,33.33,3,13,18.75,0,5,0,0,61.54,21,21,50,6,6,50,0,0,-,0,100,28,34,45.16,13,18,41.94,0,0,-,0,100,0,87.18,0.872,0
"2020-08-23 - Canucks 0, Golden Knights 5",Vegas Golden Knights,Limited ReportFull ReportSeries Report,60,73,62,54.07,52,37,58.43,39,26,60,5,0,100,3.49,1.51,69.8,35,28,55.56,14,7,66.67,13,3,81.25,5,0,100,38.46,100,21,21,50,6,6,50,0,0,-,0,100,34,28,54.84,18,13,58.06,0,0,-,0,100,12.82,100,1.128,0
"2020-08-24 - Islanders 4, Flyers 0",New York Islanders,Limited ReportFull ReportSeries Report,60,51,67,43.22,41,45,47.67,29,29,50,4,0,100,3.44,2.33,59.62,32,29,52.46,11,9,55,9,6,60,1,0,100,11.11,100,21,20,51.22,9,7,56.25,0,0,-,0,100,17,31,35.42,10,13,43.48,2,0,100,20,100,13.79,100,1.138,0
"2020-08-24 - Islanders 4, Flyers 0",Philadelphia Flyers,Limited ReportFull ReportSeries Report,60,67,51,56.78,45,41,52.33,29,29,50,0,4,0,2.33,3.44,40.38,29,32,47.54,9,11,45,6,9,40,0,1,0,0,88.89,20,21,48.78,7,9,43.75,0,0,-,0,100,31,17,64.58,13,10,56.52,0,2,0,0,80,0,86.21,0.862,0
"2020-08-24 - Stars 5, Avalanche 2",Colorado Avalanche,Limited ReportFull ReportSeries Report,60,74,34,68.52,53,30,63.86,40,27,59.7,2,5,28.57,3.62,3.34,51.98,30,19,61.22,14,11,56,13,10,56.52,1,4,20,7.69,60,16,8,66.67,6,7,46.15,1,0,100,16.67,100,41,14,74.55,20,9,68.97,0,0,-,0,100,5,81.48,0.865,0
"2020-08-24 - Stars 5, Avalanche 2",Dallas Stars,Limited ReportFull ReportSeries Report,60,34,74,31.48,30,53,36.14,27,40,40.3,5,2,71.43,3.34,3.62,48.02,19,30,38.78,11,14,44,10,13,43.48,4,1,80,40,92.31,8,16,33.33,7,6,53.85,0,1,0,0,83.33,14,41,25.45,9,20,31.03,0,0,-,0,100,18.52,95,1.135,0
"2020-08-25 - Bruins 3, Lightning 4",Boston Bruins,Limited ReportFull ReportSeries Report,64.666666666667,54,86,38.57,36,59,37.89,25,40,38.46,3,4,42.86,1.76,3.69,32.31,26,34,43.33,6,16,27.27,5,12,29.41,3,3,50,60,75,20,18,52.63,7,8,46.67,0,1,0,0,87.5,18,45,28.57,7,19,26.92,0,0,-,0,100,12,90,1.02,0
"2020-08-25 - Bruins 3, Lightning 4",Tampa Bay Lightning,Limited ReportFull ReportSeries Report,64.666666666667,86,54,61.43,59,36,62.11,40,25,61.54,4,3,57.14,3.69,1.76,67.69,34,26,56.67,16,6,72.73,12,5,70.59,3,3,50,25,40,18,20,47.37,8,7,53.33,1,0,100,12.5,100,45,18,71.43,19,7,73.08,0,0,-,0,100,10,88,0.98,0
"2020-08-25 - Canucks 5, Golden Knights 2",Vancouver Canucks,Limited ReportFull ReportSeries Report,60,56,93,37.58,41,53,43.62,27,40,40.3,5,2,71.43,3.75,3.38,52.58,27,42,39.13,14,14,50,11,13,45.83,5,0,100,45.45,100,13,28,31.71,4,8,33.33,0,1,0,0,87.5,25,45,35.71,9,17,34.62,0,1,0,0,94.12,18.52,95,1.135,0
"2020-08-25 - Canucks 5, Golden Knights 2",Vegas Golden Knights,Limited ReportFull ReportSeries Report,60,93,56,62.42,53,41,56.38,40,27,59.7,2,5,28.57,3.38,3.75,47.42,42,27,60.87,14,14,50,13,11,54.17,0,5,0,0,54.55,28,13,68.29,8,4,66.67,1,0,100,12.5,100,45,25,64.29,17,9,65.38,1,0,100,5.88,100,5,81.48,0.865,0
"2020-08-26 - Avalanche 6, Stars 4",Colorado Avalanche,Limited ReportFull ReportSeries Report,60,63,69,47.73,44,44,50,32,37,46.38,6,4,60,3.24,3.89,45.47,26,31,45.61,9,17,34.62,8,14,36.36,2,1,66.67,25,92.86,17,14,54.84,10,4,71.43,3,1,75,30,75,33,30,52.38,14,16,46.67,1,2,33.33,7.14,87.5,18.75,89.19,1.079,0
"2020-08-26 - Avalanche 6, Stars 4",Dallas Stars,Limited ReportFull ReportSeries Report,60,69,63,52.27,44,44,50,37,32,53.62,4,6,40,3.89,3.24,54.53,31,26,54.39,17,9,65.38,14,8,63.64,1,2,33.33,7.14,75,14,17,45.16,4,10,28.57,1,3,25,25,70,30,33,47.62,16,14,53.33,2,1,66.67,12.5,92.86,10.81,81.25,0.921,0
"2020-08-26 - Islanders 3, Flyers 4",New York Islanders,Limited ReportFull ReportSeries Report,62.683333333333,71,53,57.26,54,40,57.45,34,31,52.31,3,4,42.86,3.23,2.17,59.85,32,27,54.24,15,9,62.5,11,6,64.71,2,2,50,18.18,66.67,17,18,48.57,8,10,44.44,1,1,50,12.5,90,37,22,62.71,14,13,51.85,0,1,0,0,92.31,8.82,87.1,0.959,0
"2020-08-26 - Islanders 3, Flyers 4",Philadelphia Flyers,Limited ReportFull ReportSeries Report,62.683333333333,53,71,42.74,40,54,42.55,31,34,47.69,4,3,57.14,2.17,3.23,40.15,27,32,45.76,9,15,37.5,6,11,35.29,2,2,50,33.33,81.82,18,17,51.43,10,8,55.56,1,1,50,10,87.5,22,37,37.29,13,14,48.15,1,0,100,7.69,100,12.9,91.18,1.041,0
"2020-08-26 - Lightning 7, Bruins 1",Boston Bruins,Limited ReportFull ReportSeries Report,60,52,54,49.06,37,42,46.84,24,31,43.64,1,7,12.5,2.03,2.03,49.9,18,23,43.9,8,9,47.06,6,7,46.15,1,5,16.67,16.67,28.57,10,14,41.67,4,4,50,0,0,-,0,100,29,30,49.15,14,19,42.42,0,2,0,0,89.47,4.17,77.42,0.816,0
"2020-08-26 - Lightning 7, Bruins 1",Tampa Bay Lightning,Limited ReportFull ReportSeries Report,60,54,52,50.94,42,37,53.16,31,24,56.36,7,1,87.5,2.03,2.03,50.1,23,18,56.1,9,8,52.94,7,6,53.85,5,1,83.33,71.43,83.33,14,10,58.33,4,4,50,0,0,-,0,100,30,29,50.85,19,14,57.58,2,0,100,10.53,100,22.58,95.83,1.184,0
"2020-08-29 - Flyers 1, Islanders 3",New York Islanders,Limited ReportFull ReportSeries Report,60,57,63,47.5,43,45,48.86,29,27,51.79,3,1,75,2.69,2.27,54.26,29,28,50.88,17,11,60.71,12,6,66.67,2,0,100,16.67,100,12,17,41.38,4,2,66.67,1,0,100,25,100,25,34,42.37,11,19,36.67,0,1,0,0,94.74,10.34,96.3,1.066,0
"2020-08-29 - Flyers 1, Islanders 3",Philadelphia Flyers,Limited ReportFull ReportSeries Report,60,63,57,52.5,45,43,51.14,27,29,48.21,1,3,25,2.27,2.69,45.74,28,29,49.12,11,17,39.29,6,12,33.33,0,2,0,0,83.33,17,12,58.62,2,4,33.33,0,1,0,0,75,34,25,57.63,19,11,63.33,1,0,100,5.26,100,3.7,89.66,0.934,0
"2020-08-29 - Golden Knights 3, Canucks 0",Vancouver Canucks,Limited ReportFull ReportSeries Report,60,63,67,48.46,41,47,46.59,31,34,47.69,0,3,0,2.41,2.85,45.8,32,32,50,10,14,41.67,7,9,43.75,0,0,-,0,100,22,18,55,7,8,46.67,0,3,0,0,62.5,22,32,40.74,14,17,45.16,0,0,-,0,100,0,91.18,0.912,0
"2020-08-29 - Golden Knights 3, Canucks 0",Vegas Golden Knights,Limited ReportFull ReportSeries Report,60,67,63,51.54,47,41,53.41,34,31,52.31,3,0,100,2.85,2.41,54.2,32,32,50,14,10,58.33,9,7,56.25,0,0,-,0,100,18,22,45,8,7,53.33,3,0,100,37.5,100,32,22,59.26,17,14,54.84,0,0,-,0,100,8.82,100,1.088,0
"2020-08-29 - Lightning 3, Bruins 1",Boston Bruins,Limited ReportFull ReportSeries Report,60,64,52,55.17,48,39,55.17,30,26,53.57,1,3,25,3.03,2.69,52.99,25,29,46.3,9,9,50,7,6,53.85,0,1,0,0,83.33,16,20,44.44,5,6,45.45,1,1,50,20,83.33,36,18,66.67,16,12,57.14,0,1,0,0,91.67,3.33,88.46,0.918,0
"2020-08-29 - Lightning 3, Bruins 1",Tampa Bay Lightning,Limited ReportFull ReportSeries Report,60,52,64,44.83,39,48,44.83,26,30,46.43,3,1,75,2.69,3.03,47.01,29,25,53.7,9,9,50,6,7,46.15,1,0,100,16.67,100,20,16,55.56,6,5,54.55,1,1,50,16.67,80,18,36,33.33,12,16,42.86,1,0,100,8.33,100,11.54,96.67,1.082,0
"2020-08-30 - Avalanche 4, Stars 5",Colorado Avalanche,Limited ReportFull ReportSeries Report,60,74,48,60.66,52,38,57.78,37,29,56.06,4,5,44.44,3.55,3.58,49.85,35,32,52.24,19,17,52.78,11,13,45.83,1,5,16.67,9.09,61.54,16,15,51.61,8,9,47.06,2,0,100,25,100,31,14,68.89,16,5,76.19,1,0,100,6.25,100,10.81,82.76,0.936,0
"2020-08-30 - Avalanche 4, Stars 5",Dallas Stars,Limited ReportFull ReportSeries Report,60,48,74,39.34,38,52,42.22,29,37,43.94,5,4,55.56,3.58,3.55,50.15,32,35,47.76,17,19,47.22,13,11,54.17,5,1,83.33,38.46,90.91,15,16,48.39,9,8,52.94,0,2,0,0,75,14,31,31.11,5,16,23.81,0,1,0,0,93.75,17.24,89.19,1.064,0
"2020-08-30 - Flyers 2, Islanders 3",New York Islanders,Limited ReportFull ReportSeries Report,60,52,68,43.33,45,49,47.87,33,38,46.48,3,2,60,3.61,2.59,58.17,36,37,49.32,16,14,53.33,11,11,50,2,1,66.67,18.18,90.91,20,23,46.51,11,5,68.75,1,0,100,9.09,100,16,27,37.21,11,19,36.67,0,1,0,0,94.74,9.09,94.74,1.038,0
"2020-08-30 - Flyers 2, Islanders 3",Philadelphia Flyers,Limited ReportFull ReportSeries Report,60,68,52,56.67,49,45,52.13,38,33,53.52,2,3,40,2.59,3.61,41.83,37,36,50.68,14,16,46.67,11,11,50,1,2,33.33,9.09,81.82,23,20,53.49,5,11,31.25,0,1,0,0,90.91,27,16,62.79,19,11,63.33,1,0,100,5.26,100,5.26,90.91,0.962,0
"2020-08-30 - Golden Knights 5, Canucks 3",Vancouver Canucks,Limited ReportFull ReportSeries Report,60,51,62,45.13,35,44,44.3,31,33,48.44,3,5,37.5,2.38,3.87,38.06,21,35,37.5,12,13,48,11,10,52.38,1,2,33.33,9.09,80,9,22,29.03,4,11,26.67,2,1,66.67,50,90.91,27,26,50.94,16,11,59.26,0,2,0,0,81.82,9.68,84.85,0.945,0
"2020-08-30 - Golden Knights 5, Canucks 3",Vegas Golden Knights,Limited ReportFull ReportSeries Report,60,62,51,54.87,44,35,55.7,33,31,51.56,5,3,62.5,3.87,2.38,61.94,35,21,62.5,13,12,52,10,11,47.62,2,1,66.67,20,90.91,22,9,70.97,11,4,73.33,1,2,33.33,9.09,50,26,27,49.06,11,16,40.74,2,0,100,18.18,100,15.15,90.32,1.055,0
"2020-08-31 - Bruins 2, Lightning 3",Boston Bruins,Limited ReportFull ReportSeries Report,94.166666666667,100,90,52.63,65,56,53.72,47,35,57.32,2,3,40,3.16,2.96,51.64,47,44,51.65,13,15,46.43,9,9,50,1,1,50,11.11,88.89,34,29,53.97,12,9,57.14,1,1,50,8.33,88.89,47,43,52.22,22,15,59.46,0,1,0,0,93.33,4.26,91.43,0.957,0
"2020-08-31 - Bruins 2, Lightning 3",Tampa Bay Lightning,Limited ReportFull ReportSeries Report,94.166666666667,90,100,47.37,56,65,46.28,35,47,42.68,3,2,60,2.96,3.16,48.36,44,47,48.35,15,13,53.57,9,9,50,1,1,50,11.11,88.89,29,34,46.03,9,12,42.86,1,1,50,11.11,91.67,43,47,47.78,15,22,40.54,1,0,100,6.67,100,8.57,95.74,1.043,0
"2020-08-31 - Stars 3, Avalanche 6",Colorado Avalanche,Limited ReportFull ReportSeries Report,60,56,72,43.75,48,48,50,41,34,54.67,6,3,66.67,4.9,3.23,60.25,27,34,44.26,16,15,51.61,13,11,54.17,4,2,66.67,30.77,81.82,11,19,36.67,10,8,55.56,2,0,100,20,100,26,36,41.94,17,14,54.84,0,1,0,0,92.86,14.63,91.18,1.058,0
"2020-08-31 - Stars 3, Avalanche 6",Dallas Stars,Limited ReportFull ReportSeries Report,60,72,56,56.25,48,48,50,34,41,45.33,3,6,33.33,3.23,4.9,39.75,34,27,55.74,15,16,48.39,11,13,45.83,2,4,33.33,18.18,69.23,19,11,63.33,8,10,44.44,0,2,0,0,80,36,26,58.06,14,17,45.16,1,0,100,7.14,100,8.82,85.37,0.942,0
"2020-09-01 - Canucks 2, Golden Knights 1",Vancouver Canucks,Limited ReportFull ReportSeries Report,60,38,79,32.48,25,57,30.49,17,43,28.33,2,1,66.67,1.21,3.47,25.84,15,39,27.78,4,14,22.22,3,10,23.08,2,1,66.67,66.67,90,11,25,30.56,4,12,25,0,0,-,0,100,17,37,31.48,7,21,25,0,0,-,0,100,11.76,97.67,1.094,0
"2020-09-01 - Canucks 2, Golden Knights 1",Vegas Golden Knights,Limited ReportFull ReportSeries Report,60,79,38,67.52,57,25,69.51,43,17,71.67,1,2,33.33,3.47,1.21,74.16,39,15,72.22,14,4,77.78,10,3,76.92,1,2,33.33,10,33.33,25,11,69.44,12,4,75,0,0,-,0,100,37,17,68.52,21,7,75,0,0,-,0,100,2.33,88.24,0.906,0
"2020-09-01 - Islanders 3, Flyers 4",New York Islanders,Limited ReportFull ReportSeries Report,72.333333333333,60,79,43.17,50,51,49.5,32,32,50,3,4,42.86,3.18,2.62,54.87,31,28,52.54,19,11,63.33,12,8,60,2,2,50,16.67,75,12,17,41.38,7,8,46.67,1,1,50,14.29,87.5,20,43,31.75,10,14,41.67,0,1,0,0,92.86,9.38,87.5,0.969,0
"2020-09-01 - Islanders 3, Flyers 4",Philadelphia Flyers,Limited ReportFull ReportSeries Report,72.333333333333,79,60,56.83,51,50,50.5,32,32,50,4,3,57.14,2.62,3.18,45.13,28,31,47.46,11,19,36.67,8,12,40,2,2,50,25,83.33,17,12,58.62,8,7,53.33,1,1,50,12.5,85.71,43,20,68.25,14,10,58.33,1,0,100,7.14,100,12.5,90.63,1.031,0
"2020-09-02 - Avalanche 4, Stars 1",Colorado Avalanche,Limited ReportFull ReportSeries Report,60,61,57,51.69,35,39,47.3,24,28,46.15,4,1,80,3.35,2.23,60.09,31,23,57.41,16,10,61.54,11,10,52.38,1,0,100,9.09,100,15,13,53.57,4,3,57.14,1,0,100,25,100,22,30,42.31,8,13,38.1,1,1,50,12.5,92.31,16.67,96.43,1.131,0
"2020-09-02 - Avalanche 4, Stars 1",Dallas Stars,Limited ReportFull ReportSeries Report,60,57,61,48.31,39,35,52.7,28,24,53.85,1,4,20,2.23,3.35,39.91,23,31,42.59,10,16,38.46,10,11,47.62,0,1,0,0,90.91,13,15,46.43,3,4,42.86,0,1,0,0,75,30,22,57.69,13,8,61.9,1,1,50,7.69,87.5,3.57,83.33,0.869,0
"2020-09-03 - Flyers 5, Islanders 4",New York Islanders,Limited ReportFull ReportSeries Report,95.05,107,75,58.79,76,46,62.3,53,31,63.1,4,5,44.44,5.12,3.02,62.9,51,32,61.45,22,10,68.75,17,7,70.83,2,3,40,11.76,57.14,29,22,56.86,16,9,64,2,1,66.67,12.5,88.89,47,38,55.29,18,14,56.25,0,1,0,0,92.86,7.55,83.87,0.914,0
"2020-09-03 - Flyers 5, Islanders 4",Philadelphia Flyers,Limited ReportFull ReportSeries Report,95.05,75,107,41.21,46,76,37.7,31,53,36.9,5,4,55.56,3.02,5.12,37.1,32,51,38.55,10,22,31.25,7,17,29.17,3,2,60,42.86,88.24,22,29,43.14,9,16,36,1,2,33.33,11.11,87.5,38,47,44.71,14,18,43.75,1,0,100,7.14,100,16.13,92.45,1.086,0
"2020-09-03 - Golden Knights 0, Canucks 4",Vancouver Canucks,Limited ReportFull ReportSeries Report,60,42,90,31.82,30,69,30.3,23,48,32.39,4,0,100,3.08,5.32,36.7,24,52,31.58,13,22,37.14,10,17,37.04,2,0,100,20,100,11,30,26.83,3,12,20,0,0,-,0,100,15,34,30.61,8,18,30.77,2,0,100,25,100,17.39,100,1.174,0
"2020-09-03 - Golden Knights 0, Canucks 4",Vegas Golden Knights,Limited ReportFull ReportSeries Report,60,90,42,68.18,69,30,69.7,48,23,67.61,0,4,0,5.32,3.08,63.3,52,24,68.42,22,13,62.86,17,10,62.96,0,2,0,0,80,30,11,73.17,12,3,80,0,0,-,0,100,34,15,69.39,18,8,69.23,0,2,0,0,75,0,82.61,0.826,0
"2020-09-04 - Canucks 0, Golden Knights 3",Vancouver Canucks,Limited ReportFull ReportSeries Report,60,39,78,33.33,24,48,33.33,14,36,28,0,3,0,1.47,4.31,25.39,21,35,37.5,6,16,27.27,2,11,15.38,0,2,0,0,81.82,15,19,44.12,6,6,50,0,0,-,0,100,16,35,31.37,5,17,22.73,0,1,0,0,94.12,0,91.67,0.917,0
"2020-09-04 - Canucks 0, Golden Knights 3",Vegas Golden Knights,Limited ReportFull ReportSeries Report,60,78,39,66.67,48,24,66.67,36,14,72,3,0,100,4.31,1.47,74.61,35,21,62.5,16,6,72.73,11,2,84.62,2,0,100,18.18,100,19,15,55.88,6,6,50,0,0,-,0,100,35,16,68.63,17,5,77.27,1,0,100,5.88,100,8.33,100,1.083,0
"2020-09-04 - Stars 5, Avalanche 4",Colorado Avalanche,Limited ReportFull ReportSeries Report,67.4,84,65,56.38,59,43,57.84,44,35,55.7,4,5,44.44,4.33,2.65,62.02,44,32,57.89,23,12,65.71,16,10,61.54,3,4,42.86,18.75,60,21,20,51.22,12,5,70.59,1,1,50,8.33,80,30,27,52.63,14,18,43.75,0,0,-,0,100,9.09,85.71,0.948,0
"2020-09-04 - Stars 5, Avalanche 4",Dallas Stars,Limited ReportFull ReportSeries Report,67.4,65,84,43.62,43,59,42.16,35,44,44.3,5,4,55.56,2.65,4.33,37.98,32,44,42.11,12,23,34.29,10,16,38.46,4,3,57.14,40,81.25,20,21,48.78,5,12,29.41,1,1,50,20,91.67,27,30,47.37,18,14,56.25,0,0,-,0,100,14.29,90.91,1.052,0
"2020-09-05 - Islanders 4, Flyers 0",New York Islanders,Limited ReportFull ReportSeries Report,60,55,49,52.88,38,27,58.46,26,16,61.9,4,0,100,3.5,2.13,62.16,36,31,53.73,14,12,53.85,8,7,53.33,0,0,-,0,100,22,19,53.66,13,3,81.25,3,0,100,23.08,100,15,16,48.39,4,6,40,1,0,100,25,100,15.38,100,1.154,0
"2020-09-05 - Islanders 4, Flyers 0",Philadelphia Flyers,Limited ReportFull ReportSeries Report,60,49,55,47.12,27,38,41.54,16,26,38.1,0,4,0,2.13,3.5,37.84,31,36,46.27,12,14,46.15,7,8,46.67,0,0,-,0,100,19,22,46.34,3,13,18.75,0,3,0,0,76.92,16,15,51.61,6,4,60,0,1,0,0,75,0,84.62,0.846,0
"2020-09-06 - Stars 1, Golden Knights 0",Dallas Stars,Limited ReportFull ReportSeries Report,60,51,48,51.52,33,33,50,25,25,50,1,0,100,2.3,1.4,62.21,29,16,64.44,9,5,64.29,7,4,63.64,1,0,100,14.29,100,20,11,64.52,8,7,53.33,0,0,-,0,100,19,24,44.19,8,12,40,0,0,-,0,100,4,100,1.04,0
"2020-09-06 - Stars 1, Golden Knights 0",Vegas Golden Knights,Limited ReportFull ReportSeries Report,60,48,51,48.48,33,33,50,25,25,50,0,1,0,1.4,2.3,37.79,16,29,35.56,5,9,35.71,4,7,36.36,0,1,0,0,85.71,11,20,35.48,7,8,46.67,0,0,-,0,100,24,19,55.81,12,8,60,0,0,-,0,100,0,96,0.96,0
"2020-09-07 - Islanders 2, Lightning 8",New York Islanders,Limited ReportFull ReportSeries Report,60,43,47,47.78,29,35,45.31,24,34,41.38,2,8,20,2.87,2.87,49.96,28,24,53.85,11,15,42.31,9,14,39.13,1,7,12.5,11.11,50,17,9,65.38,8,4,66.67,1,0,100,12.5,100,13,19,40.63,7,13,35,0,1,0,0,92.31,8.33,76.47,0.848,0
"2020-09-07 - Islanders 2, Lightning 8",Tampa Bay Lightning,Limited ReportFull ReportSeries Report,60,47,43,52.22,35,29,54.69,34,24,58.62,8,2,80,2.87,2.87,50.04,24,28,46.15,15,11,57.69,14,9,60.87,7,1,87.5,50,88.89,9,17,34.62,4,8,33.33,0,1,0,0,87.5,19,13,59.38,13,7,65,1,0,100,7.69,100,23.53,91.67,1.152,0
"2020-09-08 - Stars 0, Golden Knights 3",Dallas Stars,Limited ReportFull ReportSeries Report,60,41,56,42.27,30,46,39.47,24,32,42.86,0,3,0,1.99,3.29,37.67,20,30,40,8,16,33.33,4,10,28.57,0,2,0,0,80,12,14,46.15,7,8,46.67,0,0,-,0,100,16,24,40,11,14,44,0,1,0,0,92.86,0,90.63,0.906,0
"2020-09-08 - Stars 0, Golden Knights 3",Vegas Golden Knights,Limited ReportFull ReportSeries Report,60,56,41,57.73,46,30,60.53,32,24,57.14,3,0,100,3.29,1.99,62.33,30,20,60,16,8,66.67,10,4,71.43,2,0,100,20,100,14,12,53.85,8,7,53.33,0,0,-,0,100,24,16,60,14,11,56,1,0,100,7.14,100,9.38,100,1.094,0
"2020-09-09 - Islanders 1, Lightning 2",New York Islanders,Limited ReportFull ReportSeries Report,60,59,49,54.63,35,34,50.72,28,21,57.14,1,2,33.33,2.74,2.71,50.2,33,23,58.93,15,12,55.56,9,8,52.94,1,0,100,11.11,100,18,11,62.07,8,3,72.73,0,1,0,0,66.67,21,23,47.73,9,7,56.25,0,1,0,0,85.71,3.57,90.48,0.94,0
"2020-09-09 - Islanders 1, Lightning 2",Tampa Bay Lightning,Limited ReportFull ReportSeries Report,60,49,59,45.37,34,35,49.28,21,28,42.86,2,1,66.67,2.71,2.74,49.8,23,33,41.07,12,15,44.44,8,9,47.06,0,1,0,0,88.89,11,18,37.93,3,8,27.27,1,0,100,33.33,100,23,21,52.27,7,9,43.75,1,0,100,14.29,100,9.52,96.43,1.06,0
"2020-09-10 - Golden Knights 2, Stars 3",Dallas Stars,Limited ReportFull ReportSeries Report,60.516666666667,44,73,37.61,28,52,35,23,40,36.51,3,2,60,2.19,3.79,36.67,23,22,51.11,9,15,37.5,7,12,36.84,1,1,50,14.29,91.67,14,7,66.67,7,6,53.85,2,0,100,28.57,100,14,42,25,6,20,23.08,0,1,0,0,95,13.04,95,1.08,0
"2020-09-10 - Golden Knights 2, Stars 3",Vegas Golden Knights,Limited ReportFull ReportSeries Report,60.516666666667,73,44,62.39,52,28,65,40,23,63.49,2,3,40,3.79,2.19,63.33,22,23,48.89,15,9,62.5,12,7,63.16,1,1,50,8.33,85.71,7,14,33.33,6,7,46.15,0,2,0,0,71.43,42,14,75,20,6,76.92,1,0,100,5,100,5,86.96,0.92,0
"2020-09-11 - Lightning 3, Islanders 5",New York Islanders,Limited ReportFull ReportSeries Report,60,58,77,42.96,44,52,45.83,36,37,49.32,5,3,62.5,3.01,2.87,51.19,31,31,50,15,17,46.88,12,9,57.14,4,3,57.14,33.33,66.67,16,14,53.33,9,7,56.25,1,0,100,11.11,100,21,38,35.59,11,20,35.48,0,0,-,0,100,13.89,91.89,1.058,0
"2020-09-11 - Lightning 3, Islanders 5",Tampa Bay Lightning,Limited ReportFull ReportSeries Report,60,77,58,57.04,52,44,54.17,37,36,50.68,3,5,37.5,2.87,3.01,48.81,31,31,50,17,15,53.13,9,12,42.86,3,4,42.86,33.33,66.67,14,16,46.67,7,9,43.75,0,1,0,0,88.89,38,21,64.41,20,11,64.52,0,0,-,0,100,8.11,86.11,0.942,0
"2020-09-12 - Golden Knights 1, Stars 2",Dallas Stars,Limited ReportFull ReportSeries Report,60,38,69,35.51,24,52,31.58,20,33,37.74,2,1,66.67,2.21,3.69,37.49,22,30,42.31,12,15,44.44,9,8,52.94,2,0,100,22.22,100,10,15,40,2,5,28.57,0,0,-,0,100,13,34,27.66,8,19,29.63,0,1,0,0,94.74,10,96.97,1.07,0
"2020-09-12 - Golden Knights 1, Stars 2",Vegas Golden Knights,Limited ReportFull ReportSeries Report,60,69,38,64.49,52,24,68.42,33,20,62.26,1,2,33.33,3.69,2.21,62.51,30,22,57.69,15,12,55.56,8,9,47.06,0,2,0,0,77.78,15,10,60,5,2,71.43,0,0,-,0,100,34,13,72.34,19,8,70.37,1,0,100,5.26,100,3.03,90,0.93,0
"2020-09-13 - Lightning 4, Islanders 1",New York Islanders,Limited ReportFull ReportSeries Report,60,58,61,48.74,41,44,48.24,27,36,42.86,1,4,20,2.25,3.76,37.39,31,31,50,13,15,46.43,6,13,31.58,0,3,0,0,76.92,18,16,52.94,9,7,56.25,1,0,100,11.11,100,21,25,45.65,9,14,39.13,0,1,0,0,92.86,3.7,88.89,0.926,0
"2020-09-13 - Lightning 4, Islanders 1",Tampa Bay Lightning,Limited ReportFull ReportSeries Report,60,61,58,51.26,44,41,51.76,36,27,57.14,4,1,80,3.76,2.25,62.61,31,31,50,15,13,53.57,13,6,68.42,3,0,100,23.08,100,16,18,47.06,7,9,43.75,0,1,0,0,88.89,25,21,54.35,14,9,60.87,1,0,100,7.14,100,11.11,96.3,1.074,0
"2020-09-14 - Stars 3, Golden Knights 2",Dallas Stars,Limited ReportFull ReportSeries Report,63.6,54,65,45.38,32,43,42.67,26,36,41.94,3,2,60,2.24,2.71,45.3,22,35,38.6,10,17,37.04,7,13,35,1,1,50,14.29,92.31,12,18,40,6,5,54.55,1,1,50,16.67,80,27,24,52.94,13,14,48.15,1,0,100,7.69,100,11.54,94.44,1.06,0
"2020-09-14 - Stars 3, Golden Knights 2",Vegas Golden Knights,Limited ReportFull ReportSeries Report,63.6,65,54,54.62,43,32,57.33,36,26,58.06,2,3,40,2.71,2.24,54.7,35,22,61.4,17,10,62.96,13,7,65,1,1,50,7.69,85.71,18,12,60,5,6,45.45,1,1,50,20,83.33,24,27,47.06,14,13,51.85,0,1,0,0,92.31,5.56,88.46,0.94,0
"2020-09-15 - Islanders 2, Lightning 1",New York Islanders,Limited ReportFull ReportSeries Report,92.5,64,84,43.24,34,52,39.53,24,37,39.34,2,1,66.67,1.88,3.34,35.94,26,40,39.39,7,14,33.33,5,7,41.67,1,0,100,20,100,19,26,42.22,4,13,23.53,0,1,0,0,92.31,35,40,46.67,14,17,45.16,1,0,100,7.14,100,8.33,97.3,1.056,0
"2020-09-15 - Islanders 2, Lightning 1",Tampa Bay Lightning,Limited ReportFull ReportSeries Report,92.5,84,64,56.76,52,34,60.47,37,24,60.66,1,2,33.33,3.34,1.88,64.06,40,26,60.61,14,7,66.67,7,5,58.33,0,1,0,0,80,26,19,57.78,13,4,76.47,1,0,100,7.69,100,40,35,53.33,17,14,54.84,0,1,0,0,92.86,2.7,91.67,0.944,0
"2020-09-17 - Lightning 2, Islanders 1",New York Islanders,Limited ReportFull ReportSeries Report,73.3,64,103,38.32,39,68,36.45,27,48,36,1,2,33.33,2.09,3.58,36.84,25,40,38.46,10,16,38.46,6,7,46.15,0,2,0,0,71.43,15,24,38.46,6,14,30,0,0,-,0,100,31,55,36.05,10,25,28.57,1,0,100,10,100,3.7,95.83,0.995,0
"2020-09-17 - Lightning 2, Islanders 1",Tampa Bay Lightning,Limited ReportFull ReportSeries Report,73.3,103,64,61.68,68,39,63.55,48,27,64,2,1,66.67,3.58,2.09,63.16,40,25,61.54,16,10,61.54,7,6,53.85,2,0,100,28.57,100,24,15,61.54,14,6,70,0,0,-,0,100,55,31,63.95,25,10,71.43,0,1,0,0,90,4.17,96.3,1.005,0
"2020-09-19 - Stars 4, Lightning 1",Dallas Stars,Limited ReportFull ReportSeries Report,60,51,77,39.84,33,51,39.29,20,36,35.71,4,1,80,3.18,2.53,55.76,28,26,51.85,12,8,60,7,5,58.33,2,1,66.67,28.57,80,16,18,47.06,5,8,38.46,1,0,100,20,100,22,43,33.85,8,20,28.57,1,0,100,12.5,100,20,97.22,1.172,0
"2020-09-19 - Stars 4, Lightning 1",Tampa Bay Lightning,Limited ReportFull ReportSeries Report,60,77,51,60.16,51,33,60.71,36,20,64.29,1,4,20,2.53,3.18,44.24,26,28,48.15,8,12,40,5,7,41.67,1,2,33.33,20,71.43,18,16,52.94,8,5,61.54,0,1,0,0,80,43,22,66.15,20,8,71.43,0,1,0,0,87.5,2.78,80,0.828,0
"2020-09-21 - Stars 2, Lightning 3",Dallas Stars,Limited ReportFull ReportSeries Report,60,52,60,46.43,33,40,45.21,29,31,48.33,2,3,40,2.52,3.04,45.38,24,25,48.98,11,14,44,9,11,45,2,1,66.67,22.22,90.91,13,11,54.17,7,3,70,0,1,0,0,66.67,26,31,45.61,13,15,46.43,0,1,0,0,93.33,6.9,90.32,0.972,0
"2020-09-21 - Stars 2, Lightning 3",Tampa Bay Lightning,Limited ReportFull ReportSeries Report,60,60,52,53.57,40,33,54.79,31,29,51.67,3,2,60,3.04,2.52,54.62,25,24,51.02,14,11,56,11,9,55,1,2,33.33,9.09,77.78,11,13,45.83,3,7,30,1,0,100,33.33,100,31,26,54.39,15,13,53.57,1,0,100,6.67,100,9.68,93.1,1.028,0
"2020-09-23 - Lightning 5, Stars 2",Dallas Stars,Limited ReportFull ReportSeries Report,60,43,45,48.86,31,36,46.27,24,32,42.86,2,5,28.57,2.2,2.17,50.44,30,22,57.69,11,8,57.89,8,7,53.33,1,2,33.33,12.5,71.43,19,14,57.58,6,10,37.5,1,3,25,16.67,70,12,20,37.5,10,12,45.45,0,0,-,0,100,8.33,84.38,0.927,0
"2020-09-23 - Lightning 5, Stars 2",Tampa Bay Lightning,Limited ReportFull ReportSeries Report,60,45,43,51.14,36,31,53.73,32,24,57.14,5,2,71.43,2.17,2.2,49.56,22,30,42.31,8,11,42.11,7,8,46.67,2,1,66.67,28.57,87.5,14,19,42.42,10,6,62.5,3,1,75,30,83.33,20,12,62.5,12,10,54.55,0,0,-,0,100,15.63,91.67,1.073,0
"2020-09-25 - Lightning 5, Stars 4",Dallas Stars,Limited ReportFull ReportSeries Report,66.566666666667,58,68,46.03,40,49,44.94,30,35,46.15,4,5,44.44,2.43,3.84,38.75,25,32,43.86,11,18,37.93,8,13,38.1,4,3,57.14,50,76.92,14,14,50,7,8,46.67,0,1,0,0,87.5,28,32,46.67,12,13,48,0,1,0,0,92.31,13.33,85.71,0.99,0
"2020-09-25 - Lightning 5, Stars 4",Tampa Bay Lightning,Limited ReportFull ReportSeries Report,66.566666666667,68,58,53.97,49,40,55.06,35,30,53.85,5,4,55.56,3.84,2.43,61.25,32,25,56.14,18,11,62.07,13,8,61.9,3,4,42.86,23.08,50,14,14,50,8,7,53.33,1,0,100,12.5,100,32,28,53.33,13,12,52,1,0,100,7.69,100,14.29,86.67,1.01,0
"2020-09-26 - Stars 3, Lightning 2",Dallas Stars,Limited ReportFull ReportSeries Report,89.383333333333,68,92,42.5,50,59,45.87,33,41,44.59,3,2,60,4.26,3.18,57.31,37,42,46.84,19,12,61.29,16,10,61.54,3,1,75,18.75,90,18,30,37.5,5,11,31.25,0,0,-,0,100,24,42,36.36,10,15,40,0,1,0,0,93.33,9.09,95.12,1.042,0
"2020-09-26 - Stars 3, Lightning 2",Tampa Bay Lightning,Limited ReportFull ReportSeries Report,89.383333333333,92,68,57.5,59,50,54.13,41,33,55.41,2,3,40,3.18,4.26,42.69,42,37,53.16,12,19,38.71,10,16,38.46,1,3,25,10,81.25,30,18,62.5,11,5,68.75,0,0,-,0,100,42,24,63.64,15,10,60,1,0,100,6.67,100,4.88,90.91,0.958,0
"2020-09-28 - Lightning 2, Stars 0",Dallas Stars,Limited ReportFull ReportSeries Report,60,57,55,50.89,35,39,47.3,22,29,43.14,0,2,0,2.47,2.19,52.93,28,20,58.33,16,7,69.57,7,5,58.33,0,2,0,0,60,12,13,48,5,8,38.46,0,0,-,0,100,23,26,46.94,9,13,40.91,0,0,-,0,100,0,93.1,0.931,0
"2020-09-28 - Lightning 2, Stars 0",Tampa Bay Lightning,Limited ReportFull ReportSeries Report,60,55,57,49.11,39,35,52.7,29,22,56.86,2,0,100,2.19,2.47,47.07,20,28,41.67,7,16,30.43,5,7,41.67,2,0,100,40,100,13,12,52,8,5,61.54,0,0,-,0,100,26,23,53.06,13,9,59.09,0,0,-,0,100,6.9,100,1.069,0